{
    "type": "FeatureCollection",
    "features": [
        {
            "type": "Feature",
            "properties": {
                "country": "Albania",
                "location": "Durres"
            },
            "geometry": {
                "type": "Point",
                "coordinates": [
                    19.44706,
                    41.32698
                ]
            }
        },
        {
            "type": "Feature",
            "properties": {
                "country": "Albania",
                "location": "Tirana"
            },
            "geometry": {
                "type": "Point",
                "coordinates": [
                    19.82516,
                    41.32233
                ]
            }
        },
        {
            "type": "Feature",
            "properties": {
                "country": "Albania",
                "location": "Elbasan"
            },
            "geometry": {
                "type": "Point",
                "coordinates": [
                    20.082,
                    41.11135
                ]
            }
        },
        {
            "type": "Feature",
            "properties": {
                "country": "Albania",
                "location": "Berat"
            },
            "geometry": {
                "type": "Point",
                "coordinates": [
                    19.95767,
                    40.70208
                ]
            }
        },
        {
            "type": "Feature",
            "properties": {
                "country": "Argentina",
                "location": "La Quiaca"
            },
            "geometry": {
                "type": "Point",
                "coordinates": [
                    -65.59666,
                    -22.10337
                ]
            }
        },
        {
            "type": "Feature",
            "properties": {
                "country": "Argentina",
                "location": "Salta"
            },
            "geometry": {
                "type": "Point",
                "coordinates": [
                    -65.41018,
                    -24.78866
                ]
            }
        },
        {
            "type": "Feature",
            "properties": {
                "country": "Argentina",
                "location": "Puerto Iguazu"
            },
            "geometry": {
                "type": "Point",
                "coordinates": [
                    -54.57064,
                    -25.59852
                ]
            }
        },
        {
            "type": "Feature",
            "properties": {
                "country": "Argentina",
                "location": "Iguazu Falls"
            },
            "geometry": {
                "type": "Point",
                "coordinates": [
                    -54.44577,
                    -25.68492
                ]
            }
        },
        {
            "type": "Feature",
            "properties": {
                "country": "Argentina",
                "location": "San Miguel de Tucuman"
            },
            "geometry": {
                "type": "Point",
                "coordinates": [
                    -65.21046,
                    -26.82774
                ]
            }
        },
        {
            "type": "Feature",
            "properties": {
                "country": "Argentina",
                "location": "Resistencia"
            },
            "geometry": {
                "type": "Point",
                "coordinates": [
                    -58.98785,
                    -27.45093
                ]
            }
        },
        {
            "type": "Feature",
            "properties": {
                "country": "Australia",
                "location": "Darwin"
            },
            "geometry": {
                "type": "Point",
                "coordinates": [
                    130.84166,
                    -12.46035
                ]
            }
        },
        {
            "type": "Feature",
            "properties": {
                "country": "Australia",
                "location": "Colo Meroo campground"
            },
            "geometry": {
                "type": "Point",
                "coordinates": [
                    150.6927,
                    -33.38375
                ]
            }
        },
        {
            "type": "Feature",
            "properties": {
                "country": "Australia",
                "location": "Katoomba"
            },
            "geometry": {
                "type": "Point",
                "coordinates": [
                    150.31056,
                    -33.71181
                ]
            }
        },
        {
            "type": "Feature",
            "properties": {
                "country": "Australia",
                "location": "Sydney"
            },
            "geometry": {
                "type": "Point",
                "coordinates": [
                    151.20955,
                    -33.87004
                ]
            }
        },
        {
            "type": "Feature",
            "properties": {
                "country": "Australia",
                "location": "Kangaroo Valley"
            },
            "geometry": {
                "type": "Point",
                "coordinates": [
                    150.52312,
                    -34.73149
                ]
            }
        },
        {
            "type": "Feature",
            "properties": {
                "country": "Australia",
                "location": "Canberra"
            },
            "geometry": {
                "type": "Point",
                "coordinates": [
                    149.12856,
                    -35.28279
                ]
            }
        },
        {
            "type": "Feature",
            "properties": {
                "country": "Australia",
                "location": "Albury"
            },
            "geometry": {
                "type": "Point",
                "coordinates": [
                    146.91331,
                    -36.07403
                ]
            }
        },
        {
            "type": "Feature",
            "properties": {
                "country": "Australia",
                "location": "Jindabyne"
            },
            "geometry": {
                "type": "Point",
                "coordinates": [
                    148.60863,
                    -36.43273
                ]
            }
        },
        {
            "type": "Feature",
            "properties": {
                "country": "Australia",
                "location": "Thredbo Village"
            },
            "geometry": {
                "type": "Point",
                "coordinates": [
                    148.30617,
                    -36.50355
                ]
            }
        },
        {
            "type": "Feature",
            "properties": {
                "country": "Australia",
                "location": "Seymour"
            },
            "geometry": {
                "type": "Point",
                "coordinates": [
                    145.13982,
                    -37.02391
                ]
            }
        },
        {
            "type": "Feature",
            "properties": {
                "country": "Australia",
                "location": "Melbourne"
            },
            "geometry": {
                "type": "Point",
                "coordinates": [
                    144.95778,
                    -37.81892
                ]
            }
        },
        {
            "type": "Feature",
            "properties": {
                "country": "Austria",
                "location": "Vienna"
            },
            "geometry": {
                "type": "Point",
                "coordinates": [
                    16.37238,
                    48.20886
                ]
            }
        },
        {
            "type": "Feature",
            "properties": {
                "country": "Bangladesh",
                "location": "Tamabil"
            },
            "geometry": {
                "type": "Point",
                "coordinates": [
                    92.03308,
                    25.18236
                ]
            }
        },
        {
            "type": "Feature",
            "properties": {
                "country": "Bangladesh",
                "location": "Sylhet"
            },
            "geometry": {
                "type": "Point",
                "coordinates": [
                    91.86997,
                    24.89104
                ]
            }
        },
        {
            "type": "Feature",
            "properties": {
                "country": "Bangladesh",
                "location": "Dhaka"
            },
            "geometry": {
                "type": "Point",
                "coordinates": [
                    90.40968,
                    23.70586
                ]
            }
        },
        {
            "type": "Feature",
            "properties": {
                "country": "Bangladesh",
                "location": "Jessore"
            },
            "geometry": {
                "type": "Point",
                "coordinates": [
                    89.20912,
                    23.16641
                ]
            }
        },
        {
            "type": "Feature",
            "properties": {
                "country": "Bangladesh",
                "location": "Benapole"
            },
            "geometry": {
                "type": "Point",
                "coordinates": [
                    88.88871,
                    23.04007
                ]
            }
        },
        {
            "type": "Feature",
            "properties": {
                "country": "Bangladesh",
                "location": "Khulna"
            },
            "geometry": {
                "type": "Point",
                "coordinates": [
                    89.55019,
                    22.82068
                ]
            }
        },
        {
            "type": "Feature",
            "properties": {
                "country": "Bangladesh",
                "location": "Bagerhat"
            },
            "geometry": {
                "type": "Point",
                "coordinates": [
                    89.78747,
                    22.6556
                ]
            }
        },
        {
            "type": "Feature",
            "properties": {
                "country": "Belgium",
                "location": "Antwerp"
            },
            "geometry": {
                "type": "Point",
                "coordinates": [
                    4.41986,
                    51.21727
                ]
            }
        },
        {
            "type": "Feature",
            "properties": {
                "country": "Belgium",
                "location": "Ghent"
            },
            "geometry": {
                "type": "Point",
                "coordinates": [
                    3.72116,
                    51.05538
                ]
            }
        },
        {
            "type": "Feature",
            "properties": {
                "country": "Belgium",
                "location": "Brussels"
            },
            "geometry": {
                "type": "Point",
                "coordinates": [
                    4.35196,
                    50.84963
                ]
            }
        },
        {
            "type": "Feature",
            "properties": {
                "country": "Belgium",
                "location": "Charleroi"
            },
            "geometry": {
                "type": "Point",
                "coordinates": [
                    4.44328,
                    50.41183
                ]
            }
        },
        {
            "type": "Feature",
            "properties": {
                "country": "Bolivia",
                "location": "Copacabana"
            },
            "geometry": {
                "type": "Point",
                "coordinates": [
                    -69.08891,
                    -16.16455
                ]
            }
        },
        {
            "type": "Feature",
            "properties": {
                "country": "Bolivia",
                "location": "San Pablo de Tiquina"
            },
            "geometry": {
                "type": "Point",
                "coordinates": [
                    -68.83949,
                    -16.21772
                ]
            }
        },
        {
            "type": "Feature",
            "properties": {
                "country": "Bolivia",
                "location": "La Paz"
            },
            "geometry": {
                "type": "Point",
                "coordinates": [
                    -68.13313,
                    -16.4989
                ]
            }
        },
        {
            "type": "Feature",
            "properties": {
                "country": "Bolivia",
                "location": "Tiahuanaco"
            },
            "geometry": {
                "type": "Point",
                "coordinates": [
                    -68.6733,
                    -16.55472
                ]
            }
        },
        {
            "type": "Feature",
            "properties": {
                "country": "Bolivia",
                "location": "Oruro"
            },
            "geometry": {
                "type": "Point",
                "coordinates": [
                    -67.11481,
                    -17.95638
                ]
            }
        },
        {
            "type": "Feature",
            "properties": {
                "country": "Bolivia",
                "location": "Potosi"
            },
            "geometry": {
                "type": "Point",
                "coordinates": [
                    -65.75693,
                    -19.58214
                ]
            }
        },
        {
            "type": "Feature",
            "properties": {
                "country": "Bolivia",
                "location": "Salar Uyuni"
            },
            "geometry": {
                "type": "Point",
                "coordinates": [
                    -67.54805,
                    -20.20133
                ]
            }
        },
        {
            "type": "Feature",
            "properties": {
                "country": "Bolivia",
                "location": "Uyuni"
            },
            "geometry": {
                "type": "Point",
                "coordinates": [
                    -66.8245,
                    -20.46088
                ]
            }
        },
        {
            "type": "Feature",
            "properties": {
                "country": "Bolivia",
                "location": "Tupiza"
            },
            "geometry": {
                "type": "Point",
                "coordinates": [
                    -65.71996,
                    -21.43888
                ]
            }
        },
        {
            "type": "Feature",
            "properties": {
                "country": "Bolivia",
                "location": "Villazon"
            },
            "geometry": {
                "type": "Point",
                "coordinates": [
                    -65.59646,
                    -22.08716
                ]
            }
        },
        {
            "type": "Feature",
            "properties": {
                "country": "Bosnia and Herzegovina",
                "location": "Sarajevo"
            },
            "geometry": {
                "type": "Point",
                "coordinates": [
                    18.43257,
                    43.86231
                ]
            }
        },
        {
            "type": "Feature",
            "properties": {
                "country": "Bosnia and Herzegovina",
                "location": "Visegrad"
            },
            "geometry": {
                "type": "Point",
                "coordinates": [
                    19.29742,
                    43.78341
                ]
            }
        },
        {
            "type": "Feature",
            "properties": {
                "country": "Bosnia and Herzegovina",
                "location": "Mostar"
            },
            "geometry": {
                "type": "Point",
                "coordinates": [
                    17.80821,
                    43.34368
                ]
            }
        },
        {
            "type": "Feature",
            "properties": {
                "country": "Brazil",
                "location": "Manaus"
            },
            "geometry": {
                "type": "Point",
                "coordinates": [
                    -60.00571,
                    -3.11721
                ]
            }
        },
        {
            "type": "Feature",
            "properties": {
                "country": "Brazil",
                "location": "Tabatinga"
            },
            "geometry": {
                "type": "Point",
                "coordinates": [
                    -69.93521,
                    -4.23604
                ]
            }
        },
        {
            "type": "Feature",
            "properties": {
                "country": "Brazil",
                "location": "Olinda"
            },
            "geometry": {
                "type": "Point",
                "coordinates": [
                    -34.85271,
                    -7.9907
                ]
            }
        },
        {
            "type": "Feature",
            "properties": {
                "country": "Brazil",
                "location": "Recife"
            },
            "geometry": {
                "type": "Point",
                "coordinates": [
                    -34.9002,
                    -8.06149
                ]
            }
        },
        {
            "type": "Feature",
            "properties": {
                "country": "Brazil",
                "location": "Salvador"
            },
            "geometry": {
                "type": "Point",
                "coordinates": [
                    -38.48285,
                    -12.97673
                ]
            }
        },
        {
            "type": "Feature",
            "properties": {
                "country": "Brazil",
                "location": "Belo Horizonte"
            },
            "geometry": {
                "type": "Point",
                "coordinates": [
                    -43.94606,
                    -19.92376
                ]
            }
        },
        {
            "type": "Feature",
            "properties": {
                "country": "Brazil",
                "location": "Rio de Janeiro"
            },
            "geometry": {
                "type": "Point",
                "coordinates": [
                    -43.18954,
                    -22.91301
                ]
            }
        },
        {
            "type": "Feature",
            "properties": {
                "country": "Brazil",
                "location": "Sao Paulo"
            },
            "geometry": {
                "type": "Point",
                "coordinates": [
                    -46.63754,
                    -23.55046
                ]
            }
        },
        {
            "type": "Feature",
            "properties": {
                "country": "Brazil",
                "location": "Foz do Iguacu"
            },
            "geometry": {
                "type": "Point",
                "coordinates": [
                    -54.56604,
                    -25.51356
                ]
            }
        },
        {
            "type": "Feature",
            "properties": {
                "country": "Brunei",
                "location": "Bandar Seri Begawan"
            },
            "geometry": {
                "type": "Point",
                "coordinates": [
                    114.94044,
                    4.8919
                ]
            }
        },
        {
            "type": "Feature",
            "properties": {
                "country": "Brunei",
                "location": "Bangar"
            },
            "geometry": {
                "type": "Point",
                "coordinates": [
                    115.07013,
                    4.70641
                ]
            }
        },
        {
            "type": "Feature",
            "properties": {
                "country": "Bulgaria",
                "location": "Sofia"
            },
            "geometry": {
                "type": "Point",
                "coordinates": [
                    23.32117,
                    42.69531
                ]
            }
        },
        {
            "type": "Feature",
            "properties": {
                "country": "Bulgaria",
                "location": "Sunny Beach"
            },
            "geometry": {
                "type": "Point",
                "coordinates": [
                    27.7083,
                    42.6931
                ]
            }
        },
        {
            "type": "Feature",
            "properties": {
                "country": "Bulgaria",
                "location": "Nessebar"
            },
            "geometry": {
                "type": "Point",
                "coordinates": [
                    27.72043,
                    42.66045
                ]
            }
        },
        {
            "type": "Feature",
            "properties": {
                "country": "Bulgaria",
                "location": "Burgas"
            },
            "geometry": {
                "type": "Point",
                "coordinates": [
                    27.47188,
                    42.49155
                ]
            }
        },
        {
            "type": "Feature",
            "properties": {
                "country": "Cambodia",
                "location": "Preah Vihear"
            },
            "geometry": {
                "type": "Point",
                "coordinates": [
                    104.6801,
                    14.39155
                ]
            }
        },
        {
            "type": "Feature",
            "properties": {
                "country": "Cambodia",
                "location": "Choam"
            },
            "geometry": {
                "type": "Point",
                "coordinates": [
                    104.05656,
                    14.34207
                ]
            }
        },
        {
            "type": "Feature",
            "properties": {
                "country": "Cambodia",
                "location": "Sra'aem"
            },
            "geometry": {
                "type": "Point",
                "coordinates": [
                    104.7314,
                    14.23834
                ]
            }
        },
        {
            "type": "Feature",
            "properties": {
                "country": "Cambodia",
                "location": "Anlong Veng"
            },
            "geometry": {
                "type": "Point",
                "coordinates": [
                    104.09002,
                    14.2328
                ]
            }
        },
        {
            "type": "Feature",
            "properties": {
                "country": "Cambodia",
                "location": "Poipet"
            },
            "geometry": {
                "type": "Point",
                "coordinates": [
                    102.56338,
                    13.65293
                ]
            }
        },
        {
            "type": "Feature",
            "properties": {
                "country": "Cambodia",
                "location": "Angkor"
            },
            "geometry": {
                "type": "Point",
                "coordinates": [
                    103.86689,
                    13.41235
                ]
            }
        },
        {
            "type": "Feature",
            "properties": {
                "country": "Cambodia",
                "location": "Siem Reap"
            },
            "geometry": {
                "type": "Point",
                "coordinates": [
                    103.86083,
                    13.36355
                ]
            }
        },
        {
            "type": "Feature",
            "properties": {
                "country": "Cambodia",
                "location": "Phnom Penh"
            },
            "geometry": {
                "type": "Point",
                "coordinates": [
                    104.92013,
                    11.56329
                ]
            }
        },
        {
            "type": "Feature",
            "properties": {
                "country": "Cambodia",
                "location": "Sihanoukville"
            },
            "geometry": {
                "type": "Point",
                "coordinates": [
                    103.52665,
                    10.62019
                ]
            }
        },
        {
            "type": "Feature",
            "properties": {
                "country": "Canada",
                "location": "Vancouver"
            },
            "geometry": {
                "type": "Point",
                "coordinates": [
                    -123.11672,
                    49.2808
                ]
            }
        },
        {
            "type": "Feature",
            "properties": {
                "country": "Canada",
                "location": "Quebec City"
            },
            "geometry": {
                "type": "Point",
                "coordinates": [
                    -71.2126,
                    46.81336
                ]
            }
        },
        {
            "type": "Feature",
            "properties": {
                "country": "Canada",
                "location": "Black Brook Cove"
            },
            "geometry": {
                "type": "Point",
                "coordinates": [
                    -60.33311,
                    46.77612
                ]
            }
        },
        {
            "type": "Feature",
            "properties": {
                "country": "Canada",
                "location": "Mary Ann Falls"
            },
            "geometry": {
                "type": "Point",
                "coordinates": [
                    -60.36321,
                    46.76212
                ]
            }
        },
        {
            "type": "Feature",
            "properties": {
                "country": "Canada",
                "location": "Broad Cove"
            },
            "geometry": {
                "type": "Point",
                "coordinates": [
                    -60.3531,
                    46.71031
                ]
            }
        },
        {
            "type": "Feature",
            "properties": {
                "country": "Canada",
                "location": "Sydney"
            },
            "geometry": {
                "type": "Point",
                "coordinates": [
                    -60.1918,
                    46.1371
                ]
            }
        },
        {
            "type": "Feature",
            "properties": {
                "country": "Canada",
                "location": "Moncton"
            },
            "geometry": {
                "type": "Point",
                "coordinates": [
                    -64.77826,
                    46.08837
                ]
            }
        },
        {
            "type": "Feature",
            "properties": {
                "country": "Canada",
                "location": "Amherst"
            },
            "geometry": {
                "type": "Point",
                "coordinates": [
                    -64.20629,
                    45.8313
                ]
            }
        },
        {
            "type": "Feature",
            "properties": {
                "country": "Canada",
                "location": "Antigonish"
            },
            "geometry": {
                "type": "Point",
                "coordinates": [
                    -62.0034,
                    45.61537
                ]
            }
        },
        {
            "type": "Feature",
            "properties": {
                "country": "Canada",
                "location": "Wentworth"
            },
            "geometry": {
                "type": "Point",
                "coordinates": [
                    -63.55208,
                    45.60727
                ]
            }
        },
        {
            "type": "Feature",
            "properties": {
                "country": "Canada",
                "location": "Montreal"
            },
            "geometry": {
                "type": "Point",
                "coordinates": [
                    -73.56004,
                    45.50802
                ]
            }
        },
        {
            "type": "Feature",
            "properties": {
                "country": "Canada",
                "location": "Economy River Wilderness Area"
            },
            "geometry": {
                "type": "Point",
                "coordinates": [
                    -63.92294,
                    45.46637
                ]
            }
        },
        {
            "type": "Feature",
            "properties": {
                "country": "Canada",
                "location": "Masstown"
            },
            "geometry": {
                "type": "Point",
                "coordinates": [
                    -63.47948,
                    45.38729
                ]
            }
        },
        {
            "type": "Feature",
            "properties": {
                "country": "Canada",
                "location": "Truro"
            },
            "geometry": {
                "type": "Point",
                "coordinates": [
                    -63.28904,
                    45.36602
                ]
            }
        },
        {
            "type": "Feature",
            "properties": {
                "country": "Canada",
                "location": "Saint John"
            },
            "geometry": {
                "type": "Point",
                "coordinates": [
                    -66.06415,
                    45.27344
                ]
            }
        },
        {
            "type": "Feature",
            "properties": {
                "country": "Canada",
                "location": "Red Rooster Country Store"
            },
            "geometry": {
                "type": "Point",
                "coordinates": [
                    -67.23842,
                    45.20896
                ]
            }
        },
        {
            "type": "Feature",
            "properties": {
                "country": "Canada",
                "location": "Crowbar Lake"
            },
            "geometry": {
                "type": "Point",
                "coordinates": [
                    -63.41352,
                    44.77512
                ]
            }
        },
        {
            "type": "Feature",
            "properties": {
                "country": "Canada",
                "location": "Lake Echo"
            },
            "geometry": {
                "type": "Point",
                "coordinates": [
                    -63.38236,
                    44.73944
                ]
            }
        },
        {
            "type": "Feature",
            "properties": {
                "country": "Canada",
                "location": "East Preston"
            },
            "geometry": {
                "type": "Point",
                "coordinates": [
                    -63.43045,
                    44.72469
                ]
            }
        },
        {
            "type": "Feature",
            "properties": {
                "country": "Canada",
                "location": "Halifax"
            },
            "geometry": {
                "type": "Point",
                "coordinates": [
                    -63.57529,
                    44.63805
                ]
            }
        },
        {
            "type": "Feature",
            "properties": {
                "country": "Canada",
                "location": "Herring Cove"
            },
            "geometry": {
                "type": "Point",
                "coordinates": [
                    -63.5533,
                    44.56958
                ]
            }
        },
        {
            "type": "Feature",
            "properties": {
                "country": "Canada",
                "location": "Chester"
            },
            "geometry": {
                "type": "Point",
                "coordinates": [
                    -64.24179,
                    44.54628
                ]
            }
        },
        {
            "type": "Feature",
            "properties": {
                "country": "Canada",
                "location": "Peggy's Cove"
            },
            "geometry": {
                "type": "Point",
                "coordinates": [
                    -63.9151,
                    44.49768
                ]
            }
        },
        {
            "type": "Feature",
            "properties": {
                "country": "Canada",
                "location": "Lunenburg"
            },
            "geometry": {
                "type": "Point",
                "coordinates": [
                    -64.3102,
                    44.37696
                ]
            }
        },
        {
            "type": "Feature",
            "properties": {
                "country": "Canada",
                "location": "Toronto"
            },
            "geometry": {
                "type": "Point",
                "coordinates": [
                    -79.38554,
                    43.64381
                ]
            }
        },
        {
            "type": "Feature",
            "properties": {
                "country": "Canada",
                "location": "Niagara Falls"
            },
            "geometry": {
                "type": "Point",
                "coordinates": [
                    -79.07091,
                    43.10162
                ]
            }
        },
        {
            "type": "Feature",
            "properties": {
                "country": "China",
                "location": "Erenhot"
            },
            "geometry": {
                "type": "Point",
                "coordinates": [
                    111.95249,
                    43.64306
                ]
            }
        },
        {
            "type": "Feature",
            "properties": {
                "country": "China",
                "location": "Badaling"
            },
            "geometry": {
                "type": "Point",
                "coordinates": [
                    116.01429,
                    40.35673
                ]
            }
        },
        {
            "type": "Feature",
            "properties": {
                "country": "China",
                "location": "Yungang Grottoes"
            },
            "geometry": {
                "type": "Point",
                "coordinates": [
                    113.12849,
                    40.10942
                ]
            }
        },
        {
            "type": "Feature",
            "properties": {
                "country": "China",
                "location": "Datong"
            },
            "geometry": {
                "type": "Point",
                "coordinates": [
                    113.30001,
                    40.07627
                ]
            }
        },
        {
            "type": "Feature",
            "properties": {
                "country": "China",
                "location": "Beijing"
            },
            "geometry": {
                "type": "Point",
                "coordinates": [
                    116.39452,
                    39.90934
                ]
            }
        },
        {
            "type": "Feature",
            "properties": {
                "country": "China",
                "location": "Taishan"
            },
            "geometry": {
                "type": "Point",
                "coordinates": [
                    117.10499,
                    36.25595
                ]
            }
        },
        {
            "type": "Feature",
            "properties": {
                "country": "China",
                "location": "Tai'an"
            },
            "geometry": {
                "type": "Point",
                "coordinates": [
                    117.08872,
                    36.19994
                ]
            }
        },
        {
            "type": "Feature",
            "properties": {
                "country": "China",
                "location": "Zhengzhou"
            },
            "geometry": {
                "type": "Point",
                "coordinates": [
                    113.62493,
                    34.74733
                ]
            }
        },
        {
            "type": "Feature",
            "properties": {
                "country": "China",
                "location": "Xi'an"
            },
            "geometry": {
                "type": "Point",
                "coordinates": [
                    108.93585,
                    34.25381
                ]
            }
        },
        {
            "type": "Feature",
            "properties": {
                "country": "China",
                "location": "Nanjing"
            },
            "geometry": {
                "type": "Point",
                "coordinates": [
                    118.79648,
                    32.05831
                ]
            }
        },
        {
            "type": "Feature",
            "properties": {
                "country": "China",
                "location": "Wuxi"
            },
            "geometry": {
                "type": "Point",
                "coordinates": [
                    120.31238,
                    31.49095
                ]
            }
        },
        {
            "type": "Feature",
            "properties": {
                "country": "China",
                "location": "Suzhou"
            },
            "geometry": {
                "type": "Point",
                "coordinates": [
                    120.58787,
                    31.29632
                ]
            }
        },
        {
            "type": "Feature",
            "properties": {
                "country": "China",
                "location": "Shanghai"
            },
            "geometry": {
                "type": "Point",
                "coordinates": [
                    121.48737,
                    31.23495
                ]
            }
        },
        {
            "type": "Feature",
            "properties": {
                "country": "China",
                "location": "Chengdu"
            },
            "geometry": {
                "type": "Point",
                "coordinates": [
                    104.06631,
                    30.57209
                ]
            }
        },
        {
            "type": "Feature",
            "properties": {
                "country": "China",
                "location": "三野措"
            },
            "geometry": {
                "type": "Point",
                "coordinates": [
                    101.62993,
                    30.35707
                ]
            }
        },
        {
            "type": "Feature",
            "properties": {
                "country": "China",
                "location": "木雅大寺"
            },
            "geometry": {
                "type": "Point",
                "coordinates": [
                    101.5829,
                    30.3353
                ]
            }
        },
        {
            "type": "Feature",
            "properties": {
                "country": "China",
                "location": "Tagong"
            },
            "geometry": {
                "type": "Point",
                "coordinates": [
                    101.52471,
                    30.31706
                ]
            }
        },
        {
            "type": "Feature",
            "properties": {
                "country": "China",
                "location": "Hangzhou"
            },
            "geometry": {
                "type": "Point",
                "coordinates": [
                    120.15567,
                    30.27296
                ]
            }
        },
        {
            "type": "Feature",
            "properties": {
                "country": "China",
                "location": "Huangshan"
            },
            "geometry": {
                "type": "Point",
                "coordinates": [
                    118.1411,
                    30.27294
                ]
            }
        },
        {
            "type": "Feature",
            "properties": {
                "country": "China",
                "location": "Huang Shan"
            },
            "geometry": {
                "type": "Point",
                "coordinates": [
                    118.16256,
                    30.13794
                ]
            }
        },
        {
            "type": "Feature",
            "properties": {
                "country": "China",
                "location": "Kangding"
            },
            "geometry": {
                "type": "Point",
                "coordinates": [
                    101.95625,
                    29.99885
                ]
            }
        },
        {
            "type": "Feature",
            "properties": {
                "country": "China",
                "location": "Leshan"
            },
            "geometry": {
                "type": "Point",
                "coordinates": [
                    103.76526,
                    29.55207
                ]
            }
        },
        {
            "type": "Feature",
            "properties": {
                "country": "China",
                "location": "Guilin"
            },
            "geometry": {
                "type": "Point",
                "coordinates": [
                    110.28996,
                    25.27347
                ]
            }
        },
        {
            "type": "Feature",
            "properties": {
                "country": "China",
                "location": "Shenzhen"
            },
            "geometry": {
                "type": "Point",
                "coordinates": [
                    114.05956,
                    22.54277
                ]
            }
        },
        {
            "type": "Feature",
            "properties": {
                "country": "China",
                "location": "Hong Kong"
            },
            "geometry": {
                "type": "Point",
                "coordinates": [
                    114.15874,
                    22.28331
                ]
            }
        },
        {
            "type": "Feature",
            "properties": {
                "country": "China",
                "location": "Zhuhai"
            },
            "geometry": {
                "type": "Point",
                "coordinates": [
                    113.5766,
                    22.27065
                ]
            }
        },
        {
            "type": "Feature",
            "properties": {
                "country": "China",
                "location": "Macau"
            },
            "geometry": {
                "type": "Point",
                "coordinates": [
                    113.55465,
                    22.20422
                ]
            }
        },
        {
            "type": "Feature",
            "properties": {
                "country": "Colombia",
                "location": "Puerto Nariño"
            },
            "geometry": {
                "type": "Point",
                "coordinates": [
                    -70.39164,
                    -3.76436
                ]
            }
        },
        {
            "type": "Feature",
            "properties": {
                "country": "Colombia",
                "location": "Lake Tarapoto"
            },
            "geometry": {
                "type": "Point",
                "coordinates": [
                    -70.42134,
                    -3.80279
                ]
            }
        },
        {
            "type": "Feature",
            "properties": {
                "country": "Colombia",
                "location": "Leticia"
            },
            "geometry": {
                "type": "Point",
                "coordinates": [
                    -69.93359,
                    -4.21152
                ]
            }
        },
        {
            "type": "Feature",
            "properties": {
                "country": "Croatia",
                "location": "Zagreb"
            },
            "geometry": {
                "type": "Point",
                "coordinates": [
                    15.9758,
                    45.81306
                ]
            }
        },
        {
            "type": "Feature",
            "properties": {
                "country": "Croatia",
                "location": "Split"
            },
            "geometry": {
                "type": "Point",
                "coordinates": [
                    16.44289,
                    43.50863
                ]
            }
        },
        {
            "type": "Feature",
            "properties": {
                "country": "Croatia",
                "location": "Ploce"
            },
            "geometry": {
                "type": "Point",
                "coordinates": [
                    17.4252,
                    43.06295
                ]
            }
        },
        {
            "type": "Feature",
            "properties": {
                "country": "Croatia",
                "location": "Lopud"
            },
            "geometry": {
                "type": "Point",
                "coordinates": [
                    17.94347,
                    42.68974
                ]
            }
        },
        {
            "type": "Feature",
            "properties": {
                "country": "Croatia",
                "location": "Dubrovnik"
            },
            "geometry": {
                "type": "Point",
                "coordinates": [
                    18.11022,
                    42.64102
                ]
            }
        },
        {
            "type": "Feature",
            "properties": {
                "country": "Czech Republic",
                "location": "Pec pod Snezkou"
            },
            "geometry": {
                "type": "Point",
                "coordinates": [
                    15.73586,
                    50.69491
                ]
            }
        },
        {
            "type": "Feature",
            "properties": {
                "country": "Czech Republic",
                "location": "Velka Upa"
            },
            "geometry": {
                "type": "Point",
                "coordinates": [
                    15.76907,
                    50.68982
                ]
            }
        },
        {
            "type": "Feature",
            "properties": {
                "country": "Czech Republic",
                "location": "Trutnov"
            },
            "geometry": {
                "type": "Point",
                "coordinates": [
                    15.91611,
                    50.56135
                ]
            }
        },
        {
            "type": "Feature",
            "properties": {
                "country": "Czech Republic",
                "location": "Jesenik"
            },
            "geometry": {
                "type": "Point",
                "coordinates": [
                    17.205,
                    50.22999
                ]
            }
        },
        {
            "type": "Feature",
            "properties": {
                "country": "Czech Republic",
                "location": "Prague"
            },
            "geometry": {
                "type": "Point",
                "coordinates": [
                    14.42782,
                    50.07685
                ]
            }
        },
        {
            "type": "Feature",
            "properties": {
                "country": "Czech Republic",
                "location": "Cesky Tesin"
            },
            "geometry": {
                "type": "Point",
                "coordinates": [
                    18.61989,
                    49.74794
                ]
            }
        },
        {
            "type": "Feature",
            "properties": {
                "country": "Czech Republic",
                "location": "Brno"
            },
            "geometry": {
                "type": "Point",
                "coordinates": [
                    16.60368,
                    49.19731
                ]
            }
        },
        {
            "type": "Feature",
            "properties": {
                "country": "Denmark",
                "location": "Billund"
            },
            "geometry": {
                "type": "Point",
                "coordinates": [
                    9.11385,
                    55.73163
                ]
            }
        },
        {
            "type": "Feature",
            "properties": {
                "country": "Denmark",
                "location": "Copenhagen"
            },
            "geometry": {
                "type": "Point",
                "coordinates": [
                    12.58059,
                    55.67502
                ]
            }
        },
        {
            "type": "Feature",
            "properties": {
                "country": "Denmark",
                "location": "Kolding"
            },
            "geometry": {
                "type": "Point",
                "coordinates": [
                    9.47345,
                    55.4864
                ]
            }
        },
        {
            "type": "Feature",
            "properties": {
                "country": "East Timor",
                "location": "Dili"
            },
            "geometry": {
                "type": "Point",
                "coordinates": [
                    125.57621,
                    -8.5663
                ]
            }
        },
        {
            "type": "Feature",
            "properties": {
                "country": "Egypt",
                "location": "Cairo"
            },
            "geometry": {
                "type": "Point",
                "coordinates": [
                    31.2486,
                    30.04998
                ]
            }
        },
        {
            "type": "Feature",
            "properties": {
                "country": "Egypt",
                "location": "Sohag"
            },
            "geometry": {
                "type": "Point",
                "coordinates": [
                    31.69953,
                    26.55059
                ]
            }
        },
        {
            "type": "Feature",
            "properties": {
                "country": "Egypt",
                "location": "Al Balyana"
            },
            "geometry": {
                "type": "Point",
                "coordinates": [
                    32.00112,
                    26.2356
                ]
            }
        },
        {
            "type": "Feature",
            "properties": {
                "country": "Egypt",
                "location": "Qena"
            },
            "geometry": {
                "type": "Point",
                "coordinates": [
                    32.71682,
                    26.15775
                ]
            }
        },
        {
            "type": "Feature",
            "properties": {
                "country": "Egypt",
                "location": "Luxor"
            },
            "geometry": {
                "type": "Point",
                "coordinates": [
                    32.63989,
                    25.70098
                ]
            }
        },
        {
            "type": "Feature",
            "properties": {
                "country": "Ethiopia",
                "location": "Dire Dawa"
            },
            "geometry": {
                "type": "Point",
                "coordinates": [
                    41.86152,
                    9.59442
                ]
            }
        },
        {
            "type": "Feature",
            "properties": {
                "country": "Ethiopia",
                "location": "Harar"
            },
            "geometry": {
                "type": "Point",
                "coordinates": [
                    42.13238,
                    9.31124
                ]
            }
        },
        {
            "type": "Feature",
            "properties": {
                "country": "Ethiopia",
                "location": "Hirna"
            },
            "geometry": {
                "type": "Point",
                "coordinates": [
                    41.09886,
                    9.21564
                ]
            }
        },
        {
            "type": "Feature",
            "properties": {
                "country": "Ethiopia",
                "location": "Entoto Maryam"
            },
            "geometry": {
                "type": "Point",
                "coordinates": [
                    38.7631,
                    9.09037
                ]
            }
        },
        {
            "type": "Feature",
            "properties": {
                "country": "Ethiopia",
                "location": "Asebe Teferi"
            },
            "geometry": {
                "type": "Point",
                "coordinates": [
                    40.86663,
                    9.08695
                ]
            }
        },
        {
            "type": "Feature",
            "properties": {
                "country": "Ethiopia",
                "location": "Addis Ababa"
            },
            "geometry": {
                "type": "Point",
                "coordinates": [
                    38.7585,
                    9.01164
                ]
            }
        },
        {
            "type": "Feature",
            "properties": {
                "country": "Finland",
                "location": "Tampere"
            },
            "geometry": {
                "type": "Point",
                "coordinates": [
                    23.76272,
                    61.49784
                ]
            }
        },
        {
            "type": "Feature",
            "properties": {
                "country": "Finland",
                "location": "Helsinki"
            },
            "geometry": {
                "type": "Point",
                "coordinates": [
                    24.9402,
                    60.16798
                ]
            }
        },
        {
            "type": "Feature",
            "properties": {
                "country": "France",
                "location": "Chateau de Féligonde"
            },
            "geometry": {
                "type": "Point",
                "coordinates": [
                    3.05136,
                    45.8367
                ]
            }
        },
        {
            "type": "Feature",
            "properties": {
                "country": "France",
                "location": "Sayat"
            },
            "geometry": {
                "type": "Point",
                "coordinates": [
                    3.052682,
                    45.82659
                ]
            }
        },
        {
            "type": "Feature",
            "properties": {
                "country": "France",
                "location": "Nohanent"
            },
            "geometry": {
                "type": "Point",
                "coordinates": [
                    3.057495,
                    45.80934
                ]
            }
        },
        {
            "type": "Feature",
            "properties": {
                "country": "France",
                "location": "Chambéry"
            },
            "geometry": {
                "type": "Point",
                "coordinates": [
                    5.923077,
                    45.56646
                ]
            }
        },
        {
            "type": "Feature",
            "properties": {
                "country": "France",
                "location": "Lac des Vaches"
            },
            "geometry": {
                "type": "Point",
                "coordinates": [
                    6.776302,
                    45.39806
                ]
            }
        },
        {
            "type": "Feature",
            "properties": {
                "country": "France",
                "location": "Couloir de l'Eau"
            },
            "geometry": {
                "type": "Point",
                "coordinates": [
                    6.747614,
                    45.382226
                ]
            }
        },
        {
            "type": "Feature",
            "properties": {
                "country": "France",
                "location": "Pointe de la Réchasse"
            },
            "geometry": {
                "type": "Point",
                "coordinates": [
                    6.802177,
                    45.373439
                ]
            }
        },
        {
            "type": "Feature",
            "properties": {
                "country": "France",
                "location": "Col du Grand Marchet"
            },
            "geometry": {
                "type": "Point",
                "coordinates": [
                    6.751907,
                    45.371446
                ]
            }
        },
        {
            "type": "Feature",
            "properties": {
                "country": "France",
                "location": "Ruisseau d’Isertan"
            },
            "geometry": {
                "type": "Point",
                "coordinates": [
                    6.748311,
                    45.367729
                ]
            }
        },
        {
            "type": "Feature",
            "properties": {
                "country": "France",
                "location": "Entre Deux Eaux"
            },
            "geometry": {
                "type": "Point",
                "coordinates": [
                    6.839368,
                    45.366088
                ]
            }
        },
        {
            "type": "Feature",
            "properties": {
                "country": "France",
                "location": "Col de la Valette"
            },
            "geometry": {
                "type": "Point",
                "coordinates": [
                    6.722557,
                    45.354185
                ]
            }
        },
        {
            "type": "Feature",
            "properties": {
                "country": "France",
                "location": "Bellecombe"
            },
            "geometry": {
                "type": "Point",
                "coordinates": [
                    6.828766,
                    45.329519
                ]
            }
        },
        {
            "type": "Feature",
            "properties": {
                "country": "France",
                "location": "Ruisseau de la Chira"
            },
            "geometry": {
                "type": "Point",
                "coordinates": [
                    6.854113,
                    45.320082
                ]
            }
        },
        {
            "type": "Feature",
            "properties": {
                "country": "France",
                "location": "Lanslebourg-Mont-Cenis"
            },
            "geometry": {
                "type": "Point",
                "coordinates": [
                    6.882534,
                    45.285569
                ]
            }
        },
        {
            "type": "Feature",
            "properties": {
                "country": "France",
                "location": "Col de Chavière"
            },
            "geometry": {
                "type": "Point",
                "coordinates": [
                    6.657821,
                    45.270885
                ]
            }
        },
        {
            "type": "Feature",
            "properties": {
                "country": "France",
                "location": "Modane"
            },
            "geometry": {
                "type": "Point",
                "coordinates": [
                    6.658562,
                    45.193581
                ]
            }
        },
        {
            "type": "Feature",
            "properties": {
                "country": "France",
                "location": "Laon"
            },
            "geometry": {
                "type": "Point",
                "coordinates": [
                    3.62393,
                    49.56441
                ]
            }
        },
        {
            "type": "Feature",
            "properties": {
                "country": "France",
                "location": "Beauvais"
            },
            "geometry": {
                "type": "Point",
                "coordinates": [
                    2.08311,
                    49.42964
                ]
            }
        },
        {
            "type": "Feature",
            "properties": {
                "country": "France",
                "location": "Reims"
            },
            "geometry": {
                "type": "Point",
                "coordinates": [
                    4.03369,
                    49.25416
                ]
            }
        },
        {
            "type": "Feature",
            "properties": {
                "country": "France",
                "location": "Metz"
            },
            "geometry": {
                "type": "Point",
                "coordinates": [
                    6.17498,
                    49.11973
                ]
            }
        },
        {
            "type": "Feature",
            "properties": {
                "country": "France",
                "location": "Paris"
            },
            "geometry": {
                "type": "Point",
                "coordinates": [
                    2.3494,
                    48.85704
                ]
            }
        },
        {
            "type": "Feature",
            "properties": {
                "country": "France",
                "location": "Saint Guirec"
            },
            "geometry": {
                "type": "Point",
                "coordinates": [
                    -3.48668,
                    48.83271
                ]
            }
        },
        {
            "type": "Feature",
            "properties": {
                "country": "France",
                "location": "Landrellec"
            },
            "geometry": {
                "type": "Point",
                "coordinates": [
                    -3.5379,
                    48.81801
                ]
            }
        },
        {
            "type": "Feature",
            "properties": {
                "country": "France",
                "location": "Versailles"
            },
            "geometry": {
                "type": "Point",
                "coordinates": [
                    2.12044,
                    48.80477
                ]
            }
        },
        {
            "type": "Feature",
            "properties": {
                "country": "France",
                "location": "Île Grande"
            },
            "geometry": {
                "type": "Point",
                "coordinates": [
                    -3.57801,
                    48.79742
                ]
            }
        },
        {
            "type": "Feature",
            "properties": {
                "country": "France",
                "location": "Lannion"
            },
            "geometry": {
                "type": "Point",
                "coordinates": [
                    -3.45891,
                    48.73215
                ]
            }
        },
        {
            "type": "Feature",
            "properties": {
                "country": "France",
                "location": "Saint-Malo"
            },
            "geometry": {
                "type": "Point",
                "coordinates": [
                    -2.02606,
                    48.64891
                ]
            }
        },
        {
            "type": "Feature",
            "properties": {
                "country": "France",
                "location": "Provins"
            },
            "geometry": {
                "type": "Point",
                "coordinates": [
                    3.29899,
                    48.56026
                ]
            }
        },
        {
            "type": "Feature",
            "properties": {
                "country": "France",
                "location": "Saint-Brieuc"
            },
            "geometry": {
                "type": "Point",
                "coordinates": [
                    -2.76139,
                    48.51295
                ]
            }
        },
        {
            "type": "Feature",
            "properties": {
                "country": "France",
                "location": "Dinan"
            },
            "geometry": {
                "type": "Point",
                "coordinates": [
                    -2.03838,
                    48.45629
                ]
            }
        },
        {
            "type": "Feature",
            "properties": {
                "country": "France",
                "location": "Chartres"
            },
            "geometry": {
                "type": "Point",
                "coordinates": [
                    1.48781,
                    48.44783
                ]
            }
        },
        {
            "type": "Feature",
            "properties": {
                "country": "France",
                "location": "Fontainebleau"
            },
            "geometry": {
                "type": "Point",
                "coordinates": [
                    2.69908,
                    48.40238
                ]
            }
        },
        {
            "type": "Feature",
            "properties": {
                "country": "France",
                "location": "Dijon"
            },
            "geometry": {
                "type": "Point",
                "coordinates": [
                    5.0411,
                    47.3215
                ]
            }
        },
        {
            "type": "Feature",
            "properties": {
                "country": "France",
                "location": "Gevrey-Chambertin"
            },
            "geometry": {
                "type": "Point",
                "coordinates": [
                    4.9648,
                    47.22689
                ]
            }
        },
        {
            "type": "Feature",
            "properties": {
                "country": "France",
                "location": "Nantes"
            },
            "geometry": {
                "type": "Point",
                "coordinates": [
                    -1.54922,
                    47.21617
                ]
            }
        },
        {
            "type": "Feature",
            "properties": {
                "country": "France",
                "location": "Vougeot"
            },
            "geometry": {
                "type": "Point",
                "coordinates": [
                    4.95535,
                    47.17496
                ]
            }
        },
        {
            "type": "Feature",
            "properties": {
                "country": "France",
                "location": "Thoiry"
            },
            "geometry": {
                "type": "Point",
                "coordinates": [
                    5.98033,
                    46.23624
                ]
            }
        },
        {
            "type": "Feature",
            "properties": {
                "country": "France",
                "location": "Puy Pariou"
            },
            "geometry": {
                "type": "Point",
                "coordinates": [
                    2.97158,
                    45.79687
                ]
            }
        },
        {
            "type": "Feature",
            "properties": {
                "country": "France",
                "location": "Clermont-Ferrand"
            },
            "geometry": {
                "type": "Point",
                "coordinates": [
                    3.08562,
                    45.77848
                ]
            }
        },
        {
            "type": "Feature",
            "properties": {
                "country": "France",
                "location": "Puy de Dôme"
            },
            "geometry": {
                "type": "Point",
                "coordinates": [
                    2.9629,
                    45.77199
                ]
            }
        },
        {
            "type": "Feature",
            "properties": {
                "country": "France",
                "location": "Lyon"
            },
            "geometry": {
                "type": "Point",
                "coordinates": [
                    4.83252,
                    45.75836
                ]
            }
        },
        {
            "type": "Feature",
            "properties": {
                "country": "France",
                "location": "Mont-Dore"
            },
            "geometry": {
                "type": "Point",
                "coordinates": [
                    2.8094,
                    45.57424
                ]
            }
        },
        {
            "type": "Feature",
            "properties": {
                "country": "France",
                "location": "Puy de Sancy"
            },
            "geometry": {
                "type": "Point",
                "coordinates": [
                    2.81389,
                    45.52841
                ]
            }
        },
        {
            "type": "Feature",
            "properties": {
                "country": "France",
                "location": "Besse"
            },
            "geometry": {
                "type": "Point",
                "coordinates": [
                    2.93442,
                    45.50983
                ]
            }
        },
        {
            "type": "Feature",
            "properties": {
                "country": "France",
                "location": "Lac Pavin"
            },
            "geometry": {
                "type": "Point",
                "coordinates": [
                    2.88318,
                    45.49674
                ]
            }
        },
        {
            "type": "Feature",
            "properties": {
                "country": "France",
                "location": "Mont Grammondo"
            },
            "geometry": {
                "type": "Point",
                "coordinates": [
                    7.50808,
                    43.84143
                ]
            }
        },
        {
            "type": "Feature",
            "properties": {
                "country": "France",
                "location": "Castellar"
            },
            "geometry": {
                "type": "Point",
                "coordinates": [
                    7.49681,
                    43.80504
                ]
            }
        },
        {
            "type": "Feature",
            "properties": {
                "country": "France",
                "location": "Menton"
            },
            "geometry": {
                "type": "Point",
                "coordinates": [
                    7.50221,
                    43.77469
                ]
            }
        },
        {
            "type": "Feature",
            "properties": {
                "country": "France",
                "location": "Roquebrune-Cap-Martin"
            },
            "geometry": {
                "type": "Point",
                "coordinates": [
                    7.48013,
                    43.76512
                ]
            }
        },
        {
            "type": "Feature",
            "properties": {
                "country": "France",
                "location": "Nice"
            },
            "geometry": {
                "type": "Point",
                "coordinates": [
                    7.27297,
                    43.69585
                ]
            }
        },
        {
            "type": "Feature",
            "properties": {
                "country": "France",
                "location": "Cannes"
            },
            "geometry": {
                "type": "Point",
                "coordinates": [
                    7.01705,
                    43.55147
                ]
            }
        },
        {
            "type": "Feature",
            "properties": {
                "country": "France",
                "location": "Marseille"
            },
            "geometry": {
                "type": "Point",
                "coordinates": [
                    5.37372,
                    43.29686
                ]
            }
        },
        {
            "type": "Feature",
            "properties": {
                "country": "Georgia",
                "location": "Stepantsminda"
            },
            "geometry": {
                "type": "Point",
                "coordinates": [
                    44.64114,
                    42.66027
                ]
            }
        },
        {
            "type": "Feature",
            "properties": {
                "country": "Georgia",
                "location": "Gudauri"
            },
            "geometry": {
                "type": "Point",
                "coordinates": [
                    44.48114,
                    42.4754
                ]
            }
        },
        {
            "type": "Feature",
            "properties": {
                "country": "Georgia",
                "location": "Kutaisi"
            },
            "geometry": {
                "type": "Point",
                "coordinates": [
                    42.66946,
                    42.25775
                ]
            }
        },
        {
            "type": "Feature",
            "properties": {
                "country": "Georgia",
                "location": "Gori"
            },
            "geometry": {
                "type": "Point",
                "coordinates": [
                    44.11124,
                    41.98192
                ]
            }
        },
        {
            "type": "Feature",
            "properties": {
                "country": "Georgia",
                "location": "Uplistsikhe"
            },
            "geometry": {
                "type": "Point",
                "coordinates": [
                    44.20758,
                    41.96709
                ]
            }
        },
        {
            "type": "Feature",
            "properties": {
                "country": "Georgia",
                "location": "Mtskheta"
            },
            "geometry": {
                "type": "Point",
                "coordinates": [
                    44.71869,
                    41.84375
                ]
            }
        },
        {
            "type": "Feature",
            "properties": {
                "country": "Georgia",
                "location": "Tbilisi"
            },
            "geometry": {
                "type": "Point",
                "coordinates": [
                    44.79859,
                    41.69792
                ]
            }
        },
        {
            "type": "Feature",
            "properties": {
                "country": "Georgia",
                "location": "Batumi"
            },
            "geometry": {
                "type": "Point",
                "coordinates": [
                    41.64558,
                    41.64529
                ]
            }
        },
        {
            "type": "Feature",
            "properties": {
                "country": "Georgia",
                "location": "Akhaltsikhe"
            },
            "geometry": {
                "type": "Point",
                "coordinates": [
                    42.98621,
                    41.64072
                ]
            }
        },
        {
            "type": "Feature",
            "properties": {
                "country": "Germany",
                "location": "List"
            },
            "geometry": {
                "type": "Point",
                "coordinates": [
                    8.4297,
                    55.01663
                ]
            }
        },
        {
            "type": "Feature",
            "properties": {
                "country": "Germany",
                "location": "Kampen"
            },
            "geometry": {
                "type": "Point",
                "coordinates": [
                    8.34239,
                    54.95456
                ]
            }
        },
        {
            "type": "Feature",
            "properties": {
                "country": "Germany",
                "location": "Westerland"
            },
            "geometry": {
                "type": "Point",
                "coordinates": [
                    8.30894,
                    54.90754
                ]
            }
        },
        {
            "type": "Feature",
            "properties": {
                "country": "Germany",
                "location": "Morsum Kliff"
            },
            "geometry": {
                "type": "Point",
                "coordinates": [
                    8.46268,
                    54.8768
                ]
            }
        },
        {
            "type": "Feature",
            "properties": {
                "country": "Germany",
                "location": "Kiel"
            },
            "geometry": {
                "type": "Point",
                "coordinates": [
                    10.13452,
                    54.32192
                ]
            }
        },
        {
            "type": "Feature",
            "properties": {
                "country": "Germany",
                "location": "Lubeck"
            },
            "geometry": {
                "type": "Point",
                "coordinates": [
                    10.68529,
                    53.86501
                ]
            }
        },
        {
            "type": "Feature",
            "properties": {
                "country": "Germany",
                "location": "Hamburg"
            },
            "geometry": {
                "type": "Point",
                "coordinates": [
                    10.01317,
                    53.55556
                ]
            }
        },
        {
            "type": "Feature",
            "properties": {
                "country": "Germany",
                "location": "Bremerhaven"
            },
            "geometry": {
                "type": "Point",
                "coordinates": [
                    8.58195,
                    53.54434
                ]
            }
        },
        {
            "type": "Feature",
            "properties": {
                "country": "Germany",
                "location": "Neustrelitz"
            },
            "geometry": {
                "type": "Point",
                "coordinates": [
                    13.06218,
                    53.36346
                ]
            }
        },
        {
            "type": "Feature",
            "properties": {
                "country": "Germany",
                "location": "Bremen"
            },
            "geometry": {
                "type": "Point",
                "coordinates": [
                    8.8198,
                    53.08376
                ]
            }
        },
        {
            "type": "Feature",
            "properties": {
                "country": "Germany",
                "location": "Berlin"
            },
            "geometry": {
                "type": "Point",
                "coordinates": [
                    13.39721,
                    52.51959
                ]
            }
        },
        {
            "type": "Feature",
            "properties": {
                "country": "Germany",
                "location": "Hannover"
            },
            "geometry": {
                "type": "Point",
                "coordinates": [
                    9.73598,
                    52.37166
                ]
            }
        },
        {
            "type": "Feature",
            "properties": {
                "country": "Germany",
                "location": "Osnabruck"
            },
            "geometry": {
                "type": "Point",
                "coordinates": [
                    8.04778,
                    52.27253
                ]
            }
        },
        {
            "type": "Feature",
            "properties": {
                "country": "Germany",
                "location": "Muenster"
            },
            "geometry": {
                "type": "Point",
                "coordinates": [
                    7.62235,
                    51.96149
                ]
            }
        },
        {
            "type": "Feature",
            "properties": {
                "country": "Germany",
                "location": "Schloss Burg"
            },
            "geometry": {
                "type": "Point",
                "coordinates": [
                    7.15312,
                    51.13812
                ]
            }
        },
        {
            "type": "Feature",
            "properties": {
                "country": "Germany",
                "location": "Cologne"
            },
            "geometry": {
                "type": "Point",
                "coordinates": [
                    6.95984,
                    50.93966
                ]
            }
        },
        {
            "type": "Feature",
            "properties": {
                "country": "Germany",
                "location": "Koenigswinter"
            },
            "geometry": {
                "type": "Point",
                "coordinates": [
                    7.18692,
                    50.69102
                ]
            }
        },
        {
            "type": "Feature",
            "properties": {
                "country": "Germany",
                "location": "Mendig"
            },
            "geometry": {
                "type": "Point",
                "coordinates": [
                    7.28145,
                    50.37255
                ]
            }
        },
        {
            "type": "Feature",
            "properties": {
                "country": "Germany",
                "location": "Koblenz"
            },
            "geometry": {
                "type": "Point",
                "coordinates": [
                    7.59277,
                    50.3608
                ]
            }
        },
        {
            "type": "Feature",
            "properties": {
                "country": "Germany",
                "location": "Gerolstein"
            },
            "geometry": {
                "type": "Point",
                "coordinates": [
                    6.65957,
                    50.22249
                ]
            }
        },
        {
            "type": "Feature",
            "properties": {
                "country": "Germany",
                "location": "Frankfurt"
            },
            "geometry": {
                "type": "Point",
                "coordinates": [
                    8.67508,
                    50.10759
                ]
            }
        },
        {
            "type": "Feature",
            "properties": {
                "country": "Greece",
                "location": "Thessaloniki"
            },
            "geometry": {
                "type": "Point",
                "coordinates": [
                    22.95561,
                    40.62705
                ]
            }
        },
        {
            "type": "Feature",
            "properties": {
                "country": "Greece",
                "location": "Kalambaka"
            },
            "geometry": {
                "type": "Point",
                "coordinates": [
                    21.62694,
                    39.70444
                ]
            }
        },
        {
            "type": "Feature",
            "properties": {
                "country": "Greece",
                "location": "Lamia"
            },
            "geometry": {
                "type": "Point",
                "coordinates": [
                    22.43333,
                    38.9
                ]
            }
        },
        {
            "type": "Feature",
            "properties": {
                "country": "Greece",
                "location": "Delphi"
            },
            "geometry": {
                "type": "Point",
                "coordinates": [
                    22.5012,
                    38.48234
                ]
            }
        },
        {
            "type": "Feature",
            "properties": {
                "country": "Greece",
                "location": "Itea"
            },
            "geometry": {
                "type": "Point",
                "coordinates": [
                    22.4247,
                    38.43198
                ]
            }
        },
        {
            "type": "Feature",
            "properties": {
                "country": "Greece",
                "location": "Athens"
            },
            "geometry": {
                "type": "Point",
                "coordinates": [
                    23.72604,
                    37.97152
                ]
            }
        },
        {
            "type": "Feature",
            "properties": {
                "country": "Greece",
                "location": "Heraklion"
            },
            "geometry": {
                "type": "Point",
                "coordinates": [
                    25.13327,
                    35.33919
                ]
            }
        },
        {
            "type": "Feature",
            "properties": {
                "country": "Greece",
                "location": "Knossos Palace"
            },
            "geometry": {
                "type": "Point",
                "coordinates": [
                    25.16302,
                    35.29796
                ]
            }
        },
        {
            "type": "Feature",
            "properties": {
                "country": "Greece",
                "location": "Malia Palace"
            },
            "geometry": {
                "type": "Point",
                "coordinates": [
                    25.49285,
                    35.29309
                ]
            }
        },
        {
            "type": "Feature",
            "properties": {
                "country": "Hungary",
                "location": "Esztergom"
            },
            "geometry": {
                "type": "Point",
                "coordinates": [
                    18.7414,
                    47.80024
                ]
            }
        },
        {
            "type": "Feature",
            "properties": {
                "country": "Hungary",
                "location": "Budapest"
            },
            "geometry": {
                "type": "Point",
                "coordinates": [
                    19.0507,
                    47.49346
                ]
            }
        },
        {
            "type": "Feature",
            "properties": {
                "country": "Hungary",
                "location": "Szeged"
            },
            "geometry": {
                "type": "Point",
                "coordinates": [
                    20.14841,
                    46.25443
                ]
            }
        },
        {
            "type": "Feature",
            "properties": {
                "country": "Iceland",
                "location": "Talknafjordur"
            },
            "geometry": {
                "type": "Point",
                "coordinates": [
                    -23.82429,
                    65.62721
                ]
            }
        },
        {
            "type": "Feature",
            "properties": {
                "country": "Iceland",
                "location": "Patreksfjordur"
            },
            "geometry": {
                "type": "Point",
                "coordinates": [
                    -23.99894,
                    65.59709
                ]
            }
        },
        {
            "type": "Feature",
            "properties": {
                "country": "Iceland",
                "location": "Flokalundur"
            },
            "geometry": {
                "type": "Point",
                "coordinates": [
                    -23.16507,
                    65.57594
                ]
            }
        },
        {
            "type": "Feature",
            "properties": {
                "country": "Iceland",
                "location": "Reykholar"
            },
            "geometry": {
                "type": "Point",
                "coordinates": [
                    -22.1899,
                    65.44612
                ]
            }
        },
        {
            "type": "Feature",
            "properties": {
                "country": "Iceland",
                "location": "Reykjavik"
            },
            "geometry": {
                "type": "Point",
                "coordinates": [
                    -21.93365,
                    64.148
                ]
            }
        },
        {
            "type": "Feature",
            "properties": {
                "country": "Iceland",
                "location": "Krýsuvík"
            },
            "geometry": {
                "type": "Point",
                "coordinates": [
                    -22.0945,
                    63.9052
                ]
            }
        },
        {
            "type": "Feature",
            "properties": {
                "country": "Iceland",
                "location": "Blue Lagoon"
            },
            "geometry": {
                "type": "Point",
                "coordinates": [
                    -22.44912,
                    63.87994
                ]
            }
        },
        {
            "type": "Feature",
            "properties": {
                "country": "Iceland",
                "location": "Seljalandsfoss"
            },
            "geometry": {
                "type": "Point",
                "coordinates": [
                    -19.99186,
                    63.6163
                ]
            }
        },
        {
            "type": "Feature",
            "properties": {
                "country": "Iceland",
                "location": "Sólheimajökull"
            },
            "geometry": {
                "type": "Point",
                "coordinates": [
                    -19.35823,
                    63.53427
                ]
            }
        },
        {
            "type": "Feature",
            "properties": {
                "country": "Iceland",
                "location": "Skógafoss"
            },
            "geometry": {
                "type": "Point",
                "coordinates": [
                    -19.51171,
                    63.5317
                ]
            }
        },
        {
            "type": "Feature",
            "properties": {
                "country": "India",
                "location": "Delhi"
            },
            "geometry": {
                "type": "Point",
                "coordinates": [
                    77.23345,
                    28.64979
                ]
            }
        },
        {
            "type": "Feature",
            "properties": {
                "country": "India",
                "location": "Sunauli"
            },
            "geometry": {
                "type": "Point",
                "coordinates": [
                    83.46304,
                    27.46906
                ]
            }
        },
        {
            "type": "Feature",
            "properties": {
                "country": "India",
                "location": "Yuksom"
            },
            "geometry": {
                "type": "Point",
                "coordinates": [
                    88.21741,
                    27.36951
                ]
            }
        },
        {
            "type": "Feature",
            "properties": {
                "country": "India",
                "location": "Pokhari Dara"
            },
            "geometry": {
                "type": "Point",
                "coordinates": [
                    88.27941,
                    27.36035
                ]
            }
        },
        {
            "type": "Feature",
            "properties": {
                "country": "India",
                "location": "Hongri Monastery"
            },
            "geometry": {
                "type": "Point",
                "coordinates": [
                    88.25349,
                    27.35233
                ]
            }
        },
        {
            "type": "Feature",
            "properties": {
                "country": "India",
                "location": "Sinon Monastery"
            },
            "geometry": {
                "type": "Point",
                "coordinates": [
                    88.2899,
                    27.34254
                ]
            }
        },
        {
            "type": "Feature",
            "properties": {
                "country": "India",
                "location": "Gangtok"
            },
            "geometry": {
                "type": "Point",
                "coordinates": [
                    88.61229,
                    27.32906
                ]
            }
        },
        {
            "type": "Feature",
            "properties": {
                "country": "India",
                "location": "Tashiding Monastery"
            },
            "geometry": {
                "type": "Point",
                "coordinates": [
                    88.29791,
                    27.30899
                ]
            }
        },
        {
            "type": "Feature",
            "properties": {
                "country": "India",
                "location": "Ravangla"
            },
            "geometry": {
                "type": "Point",
                "coordinates": [
                    88.36439,
                    27.30659
                ]
            }
        },
        {
            "type": "Feature",
            "properties": {
                "country": "India",
                "location": "Pemayangtse Monastery"
            },
            "geometry": {
                "type": "Point",
                "coordinates": [
                    88.25157,
                    27.30522
                ]
            }
        },
        {
            "type": "Feature",
            "properties": {
                "country": "India",
                "location": "Geyzing"
            },
            "geometry": {
                "type": "Point",
                "coordinates": [
                    88.25787,
                    27.28989
                ]
            }
        },
        {
            "type": "Feature",
            "properties": {
                "country": "India",
                "location": "Rumtek"
            },
            "geometry": {
                "type": "Point",
                "coordinates": [
                    88.56136,
                    27.28875
                ]
            }
        },
        {
            "type": "Feature",
            "properties": {
                "country": "India",
                "location": "Kewzing"
            },
            "geometry": {
                "type": "Point",
                "coordinates": [
                    88.31613,
                    27.27972
                ]
            }
        },
        {
            "type": "Feature",
            "properties": {
                "country": "India",
                "location": "Singtam"
            },
            "geometry": {
                "type": "Point",
                "coordinates": [
                    88.49866,
                    27.2321
                ]
            }
        },
        {
            "type": "Feature",
            "properties": {
                "country": "India",
                "location": "Rangpo"
            },
            "geometry": {
                "type": "Point",
                "coordinates": [
                    88.53072,
                    27.17313
                ]
            }
        },
        {
            "type": "Feature",
            "properties": {
                "country": "India",
                "location": "Melli"
            },
            "geometry": {
                "type": "Point",
                "coordinates": [
                    88.45162,
                    27.08609
                ]
            }
        },
        {
            "type": "Feature",
            "properties": {
                "country": "India",
                "location": "Darjeeling"
            },
            "geometry": {
                "type": "Point",
                "coordinates": [
                    88.26612,
                    27.04093
                ]
            }
        },
        {
            "type": "Feature",
            "properties": {
                "country": "India",
                "location": "Gorakhpur"
            },
            "geometry": {
                "type": "Point",
                "coordinates": [
                    83.37576,
                    26.75383
                ]
            }
        },
        {
            "type": "Feature",
            "properties": {
                "country": "India",
                "location": "Siliguri"
            },
            "geometry": {
                "type": "Point",
                "coordinates": [
                    88.42369,
                    26.71435
                ]
            }
        },
        {
            "type": "Feature",
            "properties": {
                "country": "India",
                "location": "Kaziranga National Park"
            },
            "geometry": {
                "type": "Point",
                "coordinates": [
                    93.36918,
                    26.63261
                ]
            }
        },
        {
            "type": "Feature",
            "properties": {
                "country": "India",
                "location": "Kohora"
            },
            "geometry": {
                "type": "Point",
                "coordinates": [
                    93.40051,
                    26.58947
                ]
            }
        },
        {
            "type": "Feature",
            "properties": {
                "country": "India",
                "location": "Guwahati"
            },
            "geometry": {
                "type": "Point",
                "coordinates": [
                    91.75077,
                    26.17869
                ]
            }
        },
        {
            "type": "Feature",
            "properties": {
                "country": "India",
                "location": "Shillong"
            },
            "geometry": {
                "type": "Point",
                "coordinates": [
                    91.88221,
                    25.57588
                ]
            }
        },
        {
            "type": "Feature",
            "properties": {
                "country": "India",
                "location": "Jhansi"
            },
            "geometry": {
                "type": "Point",
                "coordinates": [
                    78.56994,
                    25.4486
                ]
            }
        },
        {
            "type": "Feature",
            "properties": {
                "country": "India",
                "location": "Varanasi"
            },
            "geometry": {
                "type": "Point",
                "coordinates": [
                    83.01435,
                    25.33534
                ]
            }
        },
        {
            "type": "Feature",
            "properties": {
                "country": "India",
                "location": "Cherrapunji"
            },
            "geometry": {
                "type": "Point",
                "coordinates": [
                    91.73225,
                    25.27009
                ]
            }
        },
        {
            "type": "Feature",
            "properties": {
                "country": "India",
                "location": "Nongriat"
            },
            "geometry": {
                "type": "Point",
                "coordinates": [
                    91.67182,
                    25.25133
                ]
            }
        },
        {
            "type": "Feature",
            "properties": {
                "country": "India",
                "location": "Dawki"
            },
            "geometry": {
                "type": "Point",
                "coordinates": [
                    92.0206,
                    25.18621
                ]
            }
        },
        {
            "type": "Feature",
            "properties": {
                "country": "India",
                "location": "Khajuraho"
            },
            "geometry": {
                "type": "Point",
                "coordinates": [
                    79.91932,
                    24.84748
                ]
            }
        },
        {
            "type": "Feature",
            "properties": {
                "country": "India",
                "location": "Vidisha"
            },
            "geometry": {
                "type": "Point",
                "coordinates": [
                    77.80618,
                    23.52385
                ]
            }
        },
        {
            "type": "Feature",
            "properties": {
                "country": "India",
                "location": "Sanchi"
            },
            "geometry": {
                "type": "Point",
                "coordinates": [
                    77.73672,
                    23.48507
                ]
            }
        },
        {
            "type": "Feature",
            "properties": {
                "country": "India",
                "location": "Bhopal"
            },
            "geometry": {
                "type": "Point",
                "coordinates": [
                    77.43098,
                    23.2527
                ]
            }
        },
        {
            "type": "Feature",
            "properties": {
                "country": "India",
                "location": "Petrapole"
            },
            "geometry": {
                "type": "Point",
                "coordinates": [
                    88.88169,
                    23.03835
                ]
            }
        },
        {
            "type": "Feature",
            "properties": {
                "country": "India",
                "location": "Kolkata"
            },
            "geometry": {
                "type": "Point",
                "coordinates": [
                    88.35035,
                    22.55583
                ]
            }
        },
        {
            "type": "Feature",
            "properties": {
                "country": "India",
                "location": "Jalgaon"
            },
            "geometry": {
                "type": "Point",
                "coordinates": [
                    75.56242,
                    21.00136
                ]
            }
        },
        {
            "type": "Feature",
            "properties": {
                "country": "India",
                "location": "Ajanta"
            },
            "geometry": {
                "type": "Point",
                "coordinates": [
                    75.75032,
                    20.53148
                ]
            }
        },
        {
            "type": "Feature",
            "properties": {
                "country": "India",
                "location": "Bhubaneswar"
            },
            "geometry": {
                "type": "Point",
                "coordinates": [
                    85.84141,
                    20.26833
                ]
            }
        },
        {
            "type": "Feature",
            "properties": {
                "country": "India",
                "location": "Ellora"
            },
            "geometry": {
                "type": "Point",
                "coordinates": [
                    75.16558,
                    20.02553
                ]
            }
        },
        {
            "type": "Feature",
            "properties": {
                "country": "India",
                "location": "Konark"
            },
            "geometry": {
                "type": "Point",
                "coordinates": [
                    86.09479,
                    19.88751
                ]
            }
        },
        {
            "type": "Feature",
            "properties": {
                "country": "India",
                "location": "Aurangabad"
            },
            "geometry": {
                "type": "Point",
                "coordinates": [
                    75.34744,
                    19.87275
                ]
            }
        },
        {
            "type": "Feature",
            "properties": {
                "country": "India",
                "location": "Puri"
            },
            "geometry": {
                "type": "Point",
                "coordinates": [
                    85.81978,
                    19.80459
                ]
            }
        },
        {
            "type": "Feature",
            "properties": {
                "country": "India",
                "location": "Elephanta"
            },
            "geometry": {
                "type": "Point",
                "coordinates": [
                    72.93268,
                    18.96306
                ]
            }
        },
        {
            "type": "Feature",
            "properties": {
                "country": "India",
                "location": "Mumbai"
            },
            "geometry": {
                "type": "Point",
                "coordinates": [
                    72.8291,
                    18.93684
                ]
            }
        },
        {
            "type": "Feature",
            "properties": {
                "country": "India",
                "location": "Visakhapatnam"
            },
            "geometry": {
                "type": "Point",
                "coordinates": [
                    83.31708,
                    17.71116
                ]
            }
        },
        {
            "type": "Feature",
            "properties": {
                "country": "India",
                "location": "Solapur"
            },
            "geometry": {
                "type": "Point",
                "coordinates": [
                    75.90337,
                    17.67018
                ]
            }
        },
        {
            "type": "Feature",
            "properties": {
                "country": "India",
                "location": "Bijapur"
            },
            "geometry": {
                "type": "Point",
                "coordinates": [
                    75.71269,
                    16.82952
                ]
            }
        },
        {
            "type": "Feature",
            "properties": {
                "country": "India",
                "location": "Amingad"
            },
            "geometry": {
                "type": "Point",
                "coordinates": [
                    75.94763,
                    16.05693
                ]
            }
        },
        {
            "type": "Feature",
            "properties": {
                "country": "India",
                "location": "Aihole"
            },
            "geometry": {
                "type": "Point",
                "coordinates": [
                    75.88182,
                    16.02053
                ]
            }
        },
        {
            "type": "Feature",
            "properties": {
                "country": "India",
                "location": "Pattadakal"
            },
            "geometry": {
                "type": "Point",
                "coordinates": [
                    75.81433,
                    15.95142
                ]
            }
        },
        {
            "type": "Feature",
            "properties": {
                "country": "India",
                "location": "Badami"
            },
            "geometry": {
                "type": "Point",
                "coordinates": [
                    75.67991,
                    15.92134
                ]
            }
        },
        {
            "type": "Feature",
            "properties": {
                "country": "India",
                "location": "Hampi"
            },
            "geometry": {
                "type": "Point",
                "coordinates": [
                    76.46827,
                    15.32308
                ]
            }
        },
        {
            "type": "Feature",
            "properties": {
                "country": "India",
                "location": "Hospet"
            },
            "geometry": {
                "type": "Point",
                "coordinates": [
                    76.39092,
                    15.26883
                ]
            }
        },
        {
            "type": "Feature",
            "properties": {
                "country": "India",
                "location": "Tirumala"
            },
            "geometry": {
                "type": "Point",
                "coordinates": [
                    79.34754,
                    13.6816
                ]
            }
        },
        {
            "type": "Feature",
            "properties": {
                "country": "India",
                "location": "Tirupati"
            },
            "geometry": {
                "type": "Point",
                "coordinates": [
                    79.42276,
                    13.6287
                ]
            }
        },
        {
            "type": "Feature",
            "properties": {
                "country": "India",
                "location": "Chennai"
            },
            "geometry": {
                "type": "Point",
                "coordinates": [
                    80.28638,
                    13.08671
                ]
            }
        },
        {
            "type": "Feature",
            "properties": {
                "country": "India",
                "location": "Bengaluru"
            },
            "geometry": {
                "type": "Point",
                "coordinates": [
                    77.58845,
                    12.96248
                ]
            }
        },
        {
            "type": "Feature",
            "properties": {
                "country": "India",
                "location": "Kanchipuram"
            },
            "geometry": {
                "type": "Point",
                "coordinates": [
                    79.70115,
                    12.84269
                ]
            }
        },
        {
            "type": "Feature",
            "properties": {
                "country": "India",
                "location": "Chengalpattu"
            },
            "geometry": {
                "type": "Point",
                "coordinates": [
                    79.98489,
                    12.68286
                ]
            }
        },
        {
            "type": "Feature",
            "properties": {
                "country": "India",
                "location": "Mamallapuram"
            },
            "geometry": {
                "type": "Point",
                "coordinates": [
                    80.19284,
                    12.61782
                ]
            }
        },
        {
            "type": "Feature",
            "properties": {
                "country": "India",
                "location": "Mysore"
            },
            "geometry": {
                "type": "Point",
                "coordinates": [
                    76.65517,
                    12.30515
                ]
            }
        },
        {
            "type": "Feature",
            "properties": {
                "country": "India",
                "location": "Kannur"
            },
            "geometry": {
                "type": "Point",
                "coordinates": [
                    75.36812,
                    11.87175
                ]
            }
        },
        {
            "type": "Feature",
            "properties": {
                "country": "India",
                "location": "Wayanad Wildlife Sanctuary"
            },
            "geometry": {
                "type": "Point",
                "coordinates": [
                    76.24993,
                    11.76296
                ]
            }
        },
        {
            "type": "Feature",
            "properties": {
                "country": "India",
                "location": "Kidanganad"
            },
            "geometry": {
                "type": "Point",
                "coordinates": [
                    76.2413,
                    11.74646
                ]
            }
        },
        {
            "type": "Feature",
            "properties": {
                "country": "India",
                "location": "Sultan Bathery"
            },
            "geometry": {
                "type": "Point",
                "coordinates": [
                    76.26276,
                    11.66513
                ]
            }
        },
        {
            "type": "Feature",
            "properties": {
                "country": "India",
                "location": "Kozhikode"
            },
            "geometry": {
                "type": "Point",
                "coordinates": [
                    75.78082,
                    11.24641
                ]
            }
        },
        {
            "type": "Feature",
            "properties": {
                "country": "India",
                "location": "Tiruchirappalli"
            },
            "geometry": {
                "type": "Point",
                "coordinates": [
                    78.69472,
                    10.80577
                ]
            }
        },
        {
            "type": "Feature",
            "properties": {
                "country": "India",
                "location": "Thanjavur"
            },
            "geometry": {
                "type": "Point",
                "coordinates": [
                    79.12905,
                    10.76862
                ]
            }
        },
        {
            "type": "Feature",
            "properties": {
                "country": "India",
                "location": "Thrissur"
            },
            "geometry": {
                "type": "Point",
                "coordinates": [
                    76.2144,
                    10.52435
                ]
            }
        },
        {
            "type": "Feature",
            "properties": {
                "country": "India",
                "location": "Kochi"
            },
            "geometry": {
                "type": "Point",
                "coordinates": [
                    76.24301,
                    9.965516
                ]
            }
        },
        {
            "type": "Feature",
            "properties": {
                "country": "India",
                "location": "Madurai"
            },
            "geometry": {
                "type": "Point",
                "coordinates": [
                    78.12421,
                    9.92395
                ]
            }
        },
        {
            "type": "Feature",
            "properties": {
                "country": "Indonesia",
                "location": "Batam"
            },
            "geometry": {
                "type": "Point",
                "coordinates": [
                    104.017,
                    1.1458
                ]
            }
        },
        {
            "type": "Feature",
            "properties": {
                "country": "Indonesia",
                "location": "Jakarta"
            },
            "geometry": {
                "type": "Point",
                "coordinates": [
                    106.84238,
                    -6.20233
                ]
            }
        },
        {
            "type": "Feature",
            "properties": {
                "country": "Indonesia",
                "location": "Bogor"
            },
            "geometry": {
                "type": "Point",
                "coordinates": [
                    106.79766,
                    -6.59285
                ]
            }
        },
        {
            "type": "Feature",
            "properties": {
                "country": "Indonesia",
                "location": "Puspita school"
            },
            "geometry": {
                "type": "Point",
                "coordinates": [
                    106.87554,
                    -6.64034
                ]
            }
        },
        {
            "type": "Feature",
            "properties": {
                "country": "Indonesia",
                "location": "Tangkuban Perahu"
            },
            "geometry": {
                "type": "Point",
                "coordinates": [
                    107.61693,
                    -6.76198
                ]
            }
        },
        {
            "type": "Feature",
            "properties": {
                "country": "Indonesia",
                "location": "Bandung"
            },
            "geometry": {
                "type": "Point",
                "coordinates": [
                    107.61102,
                    -6.91173
                ]
            }
        },
        {
            "type": "Feature",
            "properties": {
                "country": "Indonesia",
                "location": "Surabaya"
            },
            "geometry": {
                "type": "Point",
                "coordinates": [
                    112.73446,
                    -7.28551
                ]
            }
        },
        {
            "type": "Feature",
            "properties": {
                "country": "Indonesia",
                "location": "Borobudur"
            },
            "geometry": {
                "type": "Point",
                "coordinates": [
                    110.20207,
                    -7.60211
                ]
            }
        },
        {
            "type": "Feature",
            "properties": {
                "country": "Indonesia",
                "location": "Klaten"
            },
            "geometry": {
                "type": "Point",
                "coordinates": [
                    110.59788,
                    -7.71507
                ]
            }
        },
        {
            "type": "Feature",
            "properties": {
                "country": "Indonesia",
                "location": "Prambanan"
            },
            "geometry": {
                "type": "Point",
                "coordinates": [
                    110.49135,
                    -7.75201
                ]
            }
        },
        {
            "type": "Feature",
            "properties": {
                "country": "Indonesia",
                "location": "Probolinggo"
            },
            "geometry": {
                "type": "Point",
                "coordinates": [
                    113.22253,
                    -7.75622
                ]
            }
        },
        {
            "type": "Feature",
            "properties": {
                "country": "Indonesia",
                "location": "Gesikan"
            },
            "geometry": {
                "type": "Point",
                "coordinates": [
                    110.56699,
                    -7.77417
                ]
            }
        },
        {
            "type": "Feature",
            "properties": {
                "country": "Indonesia",
                "location": "Yogyakarta"
            },
            "geometry": {
                "type": "Point",
                "coordinates": [
                    110.36977,
                    -7.80042
                ]
            }
        },
        {
            "type": "Feature",
            "properties": {
                "country": "Indonesia",
                "location": "Cemoro Lawang"
            },
            "geometry": {
                "type": "Point",
                "coordinates": [
                    112.96476,
                    -7.92209
                ]
            }
        },
        {
            "type": "Feature",
            "properties": {
                "country": "Indonesia",
                "location": "Gunung Batok"
            },
            "geometry": {
                "type": "Point",
                "coordinates": [
                    112.94736,
                    -7.93484
                ]
            }
        },
        {
            "type": "Feature",
            "properties": {
                "country": "Indonesia",
                "location": "Gunung Bromo"
            },
            "geometry": {
                "type": "Point",
                "coordinates": [
                    112.95019,
                    -7.94507
                ]
            }
        },
        {
            "type": "Feature",
            "properties": {
                "country": "Indonesia",
                "location": "Ijen"
            },
            "geometry": {
                "type": "Point",
                "coordinates": [
                    114.24411,
                    -8.06011
                ]
            }
        },
        {
            "type": "Feature",
            "properties": {
                "country": "Indonesia",
                "location": "Ketapang"
            },
            "geometry": {
                "type": "Point",
                "coordinates": [
                    114.39913,
                    -8.14151
                ]
            }
        },
        {
            "type": "Feature",
            "properties": {
                "country": "Indonesia",
                "location": "Gilimanuk"
            },
            "geometry": {
                "type": "Point",
                "coordinates": [
                    114.43662,
                    -8.17241
                ]
            }
        },
        {
            "type": "Feature",
            "properties": {
                "country": "Indonesia",
                "location": "Banyuwangi"
            },
            "geometry": {
                "type": "Point",
                "coordinates": [
                    114.37312,
                    -8.20232
                ]
            }
        },
        {
            "type": "Feature",
            "properties": {
                "country": "Indonesia",
                "location": "Bayan"
            },
            "geometry": {
                "type": "Point",
                "coordinates": [
                    116.42628,
                    -8.26625
                ]
            }
        },
        {
            "type": "Feature",
            "properties": {
                "country": "Indonesia",
                "location": "Senaru"
            },
            "geometry": {
                "type": "Point",
                "coordinates": [
                    116.40132,
                    -8.30224
                ]
            }
        },
        {
            "type": "Feature",
            "properties": {
                "country": "Indonesia",
                "location": "Sembalun Lawang"
            },
            "geometry": {
                "type": "Point",
                "coordinates": [
                    116.53,
                    -8.35992
                ]
            }
        },
        {
            "type": "Feature",
            "properties": {
                "country": "Indonesia",
                "location": "Besakih"
            },
            "geometry": {
                "type": "Point",
                "coordinates": [
                    115.43699,
                    -8.37326
                ]
            }
        },
        {
            "type": "Feature",
            "properties": {
                "country": "Indonesia",
                "location": "Lake Segara Anak"
            },
            "geometry": {
                "type": "Point",
                "coordinates": [
                    116.41479,
                    -8.38961
                ]
            }
        },
        {
            "type": "Feature",
            "properties": {
                "country": "Indonesia",
                "location": "Mount Rinjani"
            },
            "geometry": {
                "type": "Point",
                "coordinates": [
                    116.44693,
                    -8.40088
                ]
            }
        },
        {
            "type": "Feature",
            "properties": {
                "country": "Indonesia",
                "location": "Tampaksiring"
            },
            "geometry": {
                "type": "Point",
                "coordinates": [
                    115.30592,
                    -8.4452
                ]
            }
        },
        {
            "type": "Feature",
            "properties": {
                "country": "Indonesia",
                "location": "Bima"
            },
            "geometry": {
                "type": "Point",
                "coordinates": [
                    118.74522,
                    -8.46213
                ]
            }
        },
        {
            "type": "Feature",
            "properties": {
                "country": "Indonesia",
                "location": "Kayangan"
            },
            "geometry": {
                "type": "Point",
                "coordinates": [
                    116.67447,
                    -8.48531
                ]
            }
        },
        {
            "type": "Feature",
            "properties": {
                "country": "Indonesia",
                "location": "Labuan Bajo"
            },
            "geometry": {
                "type": "Point",
                "coordinates": [
                    119.87624,
                    -8.49064
                ]
            }
        },
        {
            "type": "Feature",
            "properties": {
                "country": "Indonesia",
                "location": "Sumbawa Besar"
            },
            "geometry": {
                "type": "Point",
                "coordinates": [
                    117.41962,
                    -8.49309
                ]
            }
        },
        {
            "type": "Feature",
            "properties": {
                "country": "Indonesia",
                "location": "Ubud"
            },
            "geometry": {
                "type": "Point",
                "coordinates": [
                    115.25495,
                    -8.50477
                ]
            }
        },
        {
            "type": "Feature",
            "properties": {
                "country": "Indonesia",
                "location": "Poto Tano"
            },
            "geometry": {
                "type": "Point",
                "coordinates": [
                    116.83167,
                    -8.52159
                ]
            }
        },
        {
            "type": "Feature",
            "properties": {
                "country": "Indonesia",
                "location": "Padangbai"
            },
            "geometry": {
                "type": "Point",
                "coordinates": [
                    115.50761,
                    -8.5329
                ]
            }
        },
        {
            "type": "Feature",
            "properties": {
                "country": "Indonesia",
                "location": "Komodo"
            },
            "geometry": {
                "type": "Point",
                "coordinates": [
                    119.49999,
                    -8.56746
                ]
            }
        },
        {
            "type": "Feature",
            "properties": {
                "country": "Indonesia",
                "location": "Aikmel"
            },
            "geometry": {
                "type": "Point",
                "coordinates": [
                    116.5305,
                    -8.5678
                ]
            }
        },
        {
            "type": "Feature",
            "properties": {
                "country": "Indonesia",
                "location": "Bugis"
            },
            "geometry": {
                "type": "Point",
                "coordinates": [
                    119.02054,
                    -8.57373
                ]
            }
        },
        {
            "type": "Feature",
            "properties": {
                "country": "Indonesia",
                "location": "Mataram"
            },
            "geometry": {
                "type": "Point",
                "coordinates": [
                    116.11739,
                    -8.57932
                ]
            }
        },
        {
            "type": "Feature",
            "properties": {
                "country": "Indonesia",
                "location": "Ruteng"
            },
            "geometry": {
                "type": "Point",
                "coordinates": [
                    120.47035,
                    -8.61632
                ]
            }
        },
        {
            "type": "Feature",
            "properties": {
                "country": "Indonesia",
                "location": "Rinca"
            },
            "geometry": {
                "type": "Point",
                "coordinates": [
                    119.71783,
                    -8.65112
                ]
            }
        },
        {
            "type": "Feature",
            "properties": {
                "country": "Indonesia",
                "location": "Denpasar"
            },
            "geometry": {
                "type": "Point",
                "coordinates": [
                    115.21616,
                    -8.65339
                ]
            }
        },
        {
            "type": "Feature",
            "properties": {
                "country": "Indonesia",
                "location": "Padar Island"
            },
            "geometry": {
                "type": "Point",
                "coordinates": [
                    119.55453,
                    -8.67699
                ]
            }
        },
        {
            "type": "Feature",
            "properties": {
                "country": "Indonesia",
                "location": "Lembar"
            },
            "geometry": {
                "type": "Point",
                "coordinates": [
                    116.07701,
                    -8.72823
                ]
            }
        },
        {
            "type": "Feature",
            "properties": {
                "country": "Indonesia",
                "location": "Kuta"
            },
            "geometry": {
                "type": "Point",
                "coordinates": [
                    115.17589,
                    -8.72884
                ]
            }
        },
        {
            "type": "Feature",
            "properties": {
                "country": "Indonesia",
                "location": "Bajawa"
            },
            "geometry": {
                "type": "Point",
                "coordinates": [
                    120.96683,
                    -8.80569
                ]
            }
        },
        {
            "type": "Feature",
            "properties": {
                "country": "Indonesia",
                "location": "Ende"
            },
            "geometry": {
                "type": "Point",
                "coordinates": [
                    121.65424,
                    -8.84557
                ]
            }
        },
        {
            "type": "Feature",
            "properties": {
                "country": "Indonesia",
                "location": "Silawan"
            },
            "geometry": {
                "type": "Point",
                "coordinates": [
                    124.95067,
                    -8.96065
                ]
            }
        },
        {
            "type": "Feature",
            "properties": {
                "country": "Indonesia",
                "location": "Atambua"
            },
            "geometry": {
                "type": "Point",
                "coordinates": [
                    124.88439,
                    -9.09811
                ]
            }
        },
        {
            "type": "Feature",
            "properties": {
                "country": "Indonesia",
                "location": "Soe"
            },
            "geometry": {
                "type": "Point",
                "coordinates": [
                    124.27248,
                    -9.86499
                ]
            }
        },
        {
            "type": "Feature",
            "properties": {
                "country": "Indonesia",
                "location": "Nunana"
            },
            "geometry": {
                "type": "Point",
                "coordinates": [
                    124.3531,
                    -9.8652
                ]
            }
        },
        {
            "type": "Feature",
            "properties": {
                "country": "Indonesia",
                "location": "Kupang"
            },
            "geometry": {
                "type": "Point",
                "coordinates": [
                    123.59991,
                    -10.18046
                ]
            }
        },
        {
            "type": "Feature",
            "properties": {
                "country": "Israel",
                "location": "Ein Gedi"
            },
            "geometry": {
                "type": "Point",
                "coordinates": [
                    35.37832,
                    31.41656
                ]
            }
        },
        {
            "type": "Feature",
            "properties": {
                "country": "Israel",
                "location": "Masada"
            },
            "geometry": {
                "type": "Point",
                "coordinates": [
                    35.3565,
                    31.31594
                ]
            }
        },
        {
            "type": "Feature",
            "properties": {
                "country": "Israel",
                "location": "Be'er Sheva"
            },
            "geometry": {
                "type": "Point",
                "coordinates": [
                    34.80058,
                    31.24716
                ]
            }
        },
        {
            "type": "Feature",
            "properties": {
                "country": "Israel",
                "location": "Halukim Junction"
            },
            "geometry": {
                "type": "Point",
                "coordinates": [
                    34.79352,
                    30.88358
                ]
            }
        },
        {
            "type": "Feature",
            "properties": {
                "country": "Israel",
                "location": "Midreshet Ben-Gurion"
            },
            "geometry": {
                "type": "Point",
                "coordinates": [
                    34.78129,
                    30.84818
                ]
            }
        },
        {
            "type": "Feature",
            "properties": {
                "country": "Israel",
                "location": "Mitzpe Ramon"
            },
            "geometry": {
                "type": "Point",
                "coordinates": [
                    34.80444,
                    30.61223
                ]
            }
        },
        {
            "type": "Feature",
            "properties": {
                "country": "Israel",
                "location": "Ovda Airport"
            },
            "geometry": {
                "type": "Point",
                "coordinates": [
                    34.93337,
                    29.95107
                ]
            }
        },
        {
            "type": "Feature",
            "properties": {
                "country": "Italy",
                "location": "Susa"
            },
            "geometry": {
                "type": "Point",
                "coordinates": [
                    7.045159,
                    45.136694
                ]
            }
        },
        {
            "type": "Feature",
            "properties": {
                "country": "Italy",
                "location": "Avigliana"
            },
            "geometry": {
                "type": "Point",
                "coordinates": [
                    7.397091,
                    45.078817
                ]
            }
        },
        {
            "type": "Feature",
            "properties": {
                "country": "Italy",
                "location": "Turin"
            },
            "geometry": {
                "type": "Point",
                "coordinates": [
                    7.684654,
                    45.07135
                ]
            }
        },
        {
            "type": "Feature",
            "properties": {
                "country": "Italy",
                "location": "Castione della Presolana"
            },
            "geometry": {
                "type": "Point",
                "coordinates": [
                    10.05694,
                    45.91566
                ]
            }
        },
        {
            "type": "Feature",
            "properties": {
                "country": "Italy",
                "location": "Clusone"
            },
            "geometry": {
                "type": "Point",
                "coordinates": [
                    9.95316,
                    45.8894
                ]
            }
        },
        {
            "type": "Feature",
            "properties": {
                "country": "Italy",
                "location": "Como"
            },
            "geometry": {
                "type": "Point",
                "coordinates": [
                    9.08314,
                    45.81136
                ]
            }
        },
        {
            "type": "Feature",
            "properties": {
                "country": "Italy",
                "location": "Courmayeur"
            },
            "geometry": {
                "type": "Point",
                "coordinates": [
                    6.97067,
                    45.79114
                ]
            }
        },
        {
            "type": "Feature",
            "properties": {
                "country": "Italy",
                "location": "Mont Fortin"
            },
            "geometry": {
                "type": "Point",
                "coordinates": [
                    6.8705,
                    45.76332
                ]
            }
        },
        {
            "type": "Feature",
            "properties": {
                "country": "Italy",
                "location": "Col des Chavannes"
            },
            "geometry": {
                "type": "Point",
                "coordinates": [
                    6.83499,
                    45.74941
                ]
            }
        },
        {
            "type": "Feature",
            "properties": {
                "country": "Italy",
                "location": "Aosta"
            },
            "geometry": {
                "type": "Point",
                "coordinates": [
                    7.322,
                    45.73765
                ]
            }
        },
        {
            "type": "Feature",
            "properties": {
                "country": "Italy",
                "location": "La Thuile"
            },
            "geometry": {
                "type": "Point",
                "coordinates": [
                    6.9484,
                    45.7165
                ]
            }
        },
        {
            "type": "Feature",
            "properties": {
                "country": "Italy",
                "location": "Bergamo"
            },
            "geometry": {
                "type": "Point",
                "coordinates": [
                    9.66352,
                    45.70342
                ]
            }
        },
        {
            "type": "Feature",
            "properties": {
                "country": "Italy",
                "location": "Villeneuve"
            },
            "geometry": {
                "type": "Point",
                "coordinates": [
                    7.20745,
                    45.70251
                ]
            }
        },
        {
            "type": "Feature",
            "properties": {
                "country": "Italy",
                "location": "Passo Alto"
            },
            "geometry": {
                "type": "Point",
                "coordinates": [
                    7.01311,
                    45.68283
                ]
            }
        },
        {
            "type": "Feature",
            "properties": {
                "country": "Italy",
                "location": "Cascata del Rutor"
            },
            "geometry": {
                "type": "Point",
                "coordinates": [
                    6.96505,
                    45.6754
                ]
            }
        },
        {
            "type": "Feature",
            "properties": {
                "country": "Italy",
                "location": "Cappella del Rutor"
            },
            "geometry": {
                "type": "Point",
                "coordinates": [
                    6.98394,
                    45.67356
                ]
            }
        },
        {
            "type": "Feature",
            "properties": {
                "country": "Italy",
                "location": "Passo di Planaval"
            },
            "geometry": {
                "type": "Point",
                "coordinates": [
                    7.01904,
                    45.65913
                ]
            }
        },
        {
            "type": "Feature",
            "properties": {
                "country": "Italy",
                "location": "Rhêmes-Notre-Dame"
            },
            "geometry": {
                "type": "Point",
                "coordinates": [
                    7.11806,
                    45.56965
                ]
            }
        },
        {
            "type": "Feature",
            "properties": {
                "country": "Italy",
                "location": "Eaux Rousses"
            },
            "geometry": {
                "type": "Point",
                "coordinates": [
                    7.20788,
                    45.5674
                ]
            }
        },
        {
            "type": "Feature",
            "properties": {
                "country": "Italy",
                "location": "Vicenza"
            },
            "geometry": {
                "type": "Point",
                "coordinates": [
                    11.54671,
                    45.5475
                ]
            }
        },
        {
            "type": "Feature",
            "properties": {
                "country": "Italy",
                "location": "Punta Percià Nord"
            },
            "geometry": {
                "type": "Point",
                "coordinates": [
                    7.15874,
                    45.54304
                ]
            }
        },
        {
            "type": "Feature",
            "properties": {
                "country": "Italy",
                "location": "Milan"
            },
            "geometry": {
                "type": "Point",
                "coordinates": [
                    9.18909,
                    45.46479
                ]
            }
        },
        {
            "type": "Feature",
            "properties": {
                "country": "Italy",
                "location": "Verona"
            },
            "geometry": {
                "type": "Point",
                "coordinates": [
                    10.99508,
                    45.43979
                ]
            }
        },
        {
            "type": "Feature",
            "properties": {
                "country": "Italy",
                "location": "Venice"
            },
            "geometry": {
                "type": "Point",
                "coordinates": [
                    12.33838,
                    45.43415
                ]
            }
        },
        {
            "type": "Feature",
            "properties": {
                "country": "Italy",
                "location": "Padova"
            },
            "geometry": {
                "type": "Point",
                "coordinates": [
                    11.88033,
                    45.40135
                ]
            }
        },
        {
            "type": "Feature",
            "properties": {
                "country": "Italy",
                "location": "Ravenna"
            },
            "geometry": {
                "type": "Point",
                "coordinates": [
                    12.19648,
                    44.41732
                ]
            }
        },
        {
            "type": "Feature",
            "properties": {
                "country": "Italy",
                "location": "Savona"
            },
            "geometry": {
                "type": "Point",
                "coordinates": [
                    8.4717,
                    44.30646
                ]
            }
        },
        {
            "type": "Feature",
            "properties": {
                "country": "Italy",
                "location": "Rimini"
            },
            "geometry": {
                "type": "Point",
                "coordinates": [
                    12.57087,
                    44.05593
                ]
            }
        },
        {
            "type": "Feature",
            "properties": {
                "country": "Italy",
                "location": "Sanremo"
            },
            "geometry": {
                "type": "Point",
                "coordinates": [
                    7.77139,
                    43.81419
                ]
            }
        },
        {
            "type": "Feature",
            "properties": {
                "country": "Italy",
                "location": "Ventimiglia"
            },
            "geometry": {
                "type": "Point",
                "coordinates": [
                    7.60927,
                    43.79183
                ]
            }
        },
        {
            "type": "Feature",
            "properties": {
                "country": "Italy",
                "location": "Florence"
            },
            "geometry": {
                "type": "Point",
                "coordinates": [
                    11.25238,
                    43.76792
                ]
            }
        },
        {
            "type": "Feature",
            "properties": {
                "country": "Italy",
                "location": "Pisa"
            },
            "geometry": {
                "type": "Point",
                "coordinates": [
                    10.40035,
                    43.71651
                ]
            }
        },
        {
            "type": "Feature",
            "properties": {
                "country": "Italy",
                "location": "Falconara Marittima"
            },
            "geometry": {
                "type": "Point",
                "coordinates": [
                    13.39234,
                    43.63071
                ]
            }
        },
        {
            "type": "Feature",
            "properties": {
                "country": "Italy",
                "location": "Ancona"
            },
            "geometry": {
                "type": "Point",
                "coordinates": [
                    13.51398,
                    43.61804
                ]
            }
        },
        {
            "type": "Feature",
            "properties": {
                "country": "Italy",
                "location": "Sirolo"
            },
            "geometry": {
                "type": "Point",
                "coordinates": [
                    13.62117,
                    43.51966
                ]
            }
        },
        {
            "type": "Feature",
            "properties": {
                "country": "Italy",
                "location": "Numana"
            },
            "geometry": {
                "type": "Point",
                "coordinates": [
                    13.62103,
                    43.51219
                ]
            }
        },
        {
            "type": "Feature",
            "properties": {
                "country": "Italy",
                "location": "Loreto"
            },
            "geometry": {
                "type": "Point",
                "coordinates": [
                    13.61526,
                    43.43843
                ]
            }
        },
        {
            "type": "Feature",
            "properties": {
                "country": "Italy",
                "location": "Grotte di Frasassi"
            },
            "geometry": {
                "type": "Point",
                "coordinates": [
                    12.95444,
                    43.40298
                ]
            }
        },
        {
            "type": "Feature",
            "properties": {
                "country": "Italy",
                "location": "Siena"
            },
            "geometry": {
                "type": "Point",
                "coordinates": [
                    11.32682,
                    43.31936
                ]
            }
        },
        {
            "type": "Feature",
            "properties": {
                "country": "Italy",
                "location": "Perugia"
            },
            "geometry": {
                "type": "Point",
                "coordinates": [
                    12.38739,
                    43.1096
                ]
            }
        },
        {
            "type": "Feature",
            "properties": {
                "country": "Italy",
                "location": "Assisi"
            },
            "geometry": {
                "type": "Point",
                "coordinates": [
                    12.61269,
                    43.07119
                ]
            }
        },
        {
            "type": "Feature",
            "properties": {
                "country": "Italy",
                "location": "Rome"
            },
            "geometry": {
                "type": "Point",
                "coordinates": [
                    12.49598,
                    41.89362
                ]
            }
        },
        {
            "type": "Feature",
            "properties": {
                "country": "Japan",
                "location": "Kamikochi"
            },
            "geometry": {
                "type": "Point",
                "coordinates": [
                    137.63801,
                    36.24866
                ]
            }
        },
        {
            "type": "Feature",
            "properties": {
                "country": "Japan",
                "location": "Matsumoto"
            },
            "geometry": {
                "type": "Point",
                "coordinates": [
                    137.9686,
                    36.23252
                ]
            }
        },
        {
            "type": "Feature",
            "properties": {
                "country": "Japan",
                "location": "Takayama"
            },
            "geometry": {
                "type": "Point",
                "coordinates": [
                    137.25436,
                    36.13855
                ]
            }
        },
        {
            "type": "Feature",
            "properties": {
                "country": "Japan",
                "location": "Tokyo"
            },
            "geometry": {
                "type": "Point",
                "coordinates": [
                    139.759,
                    35.68057
                ]
            }
        },
        {
            "type": "Feature",
            "properties": {
                "country": "Japan",
                "location": "Yokohama"
            },
            "geometry": {
                "type": "Point",
                "coordinates": [
                    139.56802,
                    35.45426
                ]
            }
        },
        {
            "type": "Feature",
            "properties": {
                "country": "Japan",
                "location": "Nagoya"
            },
            "geometry": {
                "type": "Point",
                "coordinates": [
                    136.90817,
                    35.17183
                ]
            }
        },
        {
            "type": "Feature",
            "properties": {
                "country": "Japan",
                "location": "Kyoto"
            },
            "geometry": {
                "type": "Point",
                "coordinates": [
                    135.75949,
                    35.00758
                ]
            }
        },
        {
            "type": "Feature",
            "properties": {
                "country": "Japan",
                "location": "Osaka"
            },
            "geometry": {
                "type": "Point",
                "coordinates": [
                    135.5261,
                    34.68683
                ]
            }
        },
        {
            "type": "Feature",
            "properties": {
                "country": "Japan",
                "location": "Nara"
            },
            "geometry": {
                "type": "Point",
                "coordinates": [
                    135.81895,
                    34.68066
                ]
            }
        },
        {
            "type": "Feature",
            "properties": {
                "country": "Japan",
                "location": "Fukuoka"
            },
            "geometry": {
                "type": "Point",
                "coordinates": [
                    130.39636,
                    33.5854
                ]
            }
        },
        {
            "type": "Feature",
            "properties": {
                "country": "Kenya",
                "location": "Naivasha"
            },
            "geometry": {
                "type": "Point",
                "coordinates": [
                    36.43454,
                    -0.71887
                ]
            }
        },
        {
            "type": "Feature",
            "properties": {
                "country": "Kenya",
                "location": "Crescent Island"
            },
            "geometry": {
                "type": "Point",
                "coordinates": [
                    36.39974,
                    -0.76349
                ]
            }
        },
        {
            "type": "Feature",
            "properties": {
                "country": "Kenya",
                "location": "Nariobi"
            },
            "geometry": {
                "type": "Point",
                "coordinates": [
                    36.82311,
                    -1.28072
                ]
            }
        },
        {
            "type": "Feature",
            "properties": {
                "country": "Kenya",
                "location": "Mtito Andei"
            },
            "geometry": {
                "type": "Point",
                "coordinates": [
                    38.15213,
                    -2.68057
                ]
            }
        },
        {
            "type": "Feature",
            "properties": {
                "country": "Kenya",
                "location": "Mombasa"
            },
            "geometry": {
                "type": "Point",
                "coordinates": [
                    39.67382,
                    -4.05744
                ]
            }
        },
        {
            "type": "Feature",
            "properties": {
                "country": "Kosovo",
                "location": "Pristina"
            },
            "geometry": {
                "type": "Point",
                "coordinates": [
                    21.16518,
                    42.66123
                ]
            }
        },
        {
            "type": "Feature",
            "properties": {
                "country": "Kosovo",
                "location": "Pec"
            },
            "geometry": {
                "type": "Point",
                "coordinates": [
                    20.28595,
                    42.66005
                ]
            }
        },
        {
            "type": "Feature",
            "properties": {
                "country": "Laos",
                "location": "Luang Namtha"
            },
            "geometry": {
                "type": "Point",
                "coordinates": [
                    101.40821,
                    20.9698
                ]
            }
        },
        {
            "type": "Feature",
            "properties": {
                "country": "Laos",
                "location": "Oudomxay"
            },
            "geometry": {
                "type": "Point",
                "coordinates": [
                    101.98536,
                    20.69159
                ]
            }
        },
        {
            "type": "Feature",
            "properties": {
                "country": "Laos",
                "location": "Houayxay"
            },
            "geometry": {
                "type": "Point",
                "coordinates": [
                    100.41247,
                    20.27546
                ]
            }
        },
        {
            "type": "Feature",
            "properties": {
                "country": "Laos",
                "location": "Luang Prabang"
            },
            "geometry": {
                "type": "Point",
                "coordinates": [
                    102.14175,
                    19.88862
                ]
            }
        },
        {
            "type": "Feature",
            "properties": {
                "country": "Laos",
                "location": "Vang Vieng"
            },
            "geometry": {
                "type": "Point",
                "coordinates": [
                    102.44929,
                    18.93523
                ]
            }
        },
        {
            "type": "Feature",
            "properties": {
                "country": "Laos",
                "location": "Vientiane"
            },
            "geometry": {
                "type": "Point",
                "coordinates": [
                    102.61195,
                    17.96401
                ]
            }
        },
        {
            "type": "Feature",
            "properties": {
                "country": "Laos",
                "location": "Buddha Park"
            },
            "geometry": {
                "type": "Point",
                "coordinates": [
                    102.76532,
                    17.91269
                ]
            }
        },
        {
            "type": "Feature",
            "properties": {
                "country": "Lithuania",
                "location": "Vilnius"
            },
            "geometry": {
                "type": "Point",
                "coordinates": [
                    25.26981,
                    54.69059
                ]
            }
        },
        {
            "type": "Feature",
            "properties": {
                "country": "Lithuania",
                "location": "Trakai"
            },
            "geometry": {
                "type": "Point",
                "coordinates": [
                    24.93258,
                    54.64236
                ]
            }
        },
        {
            "type": "Feature",
            "properties": {
                "country": "Lithuania",
                "location": "Lazdijai"
            },
            "geometry": {
                "type": "Point",
                "coordinates": [
                    23.52181,
                    54.2285
                ]
            }
        },
        {
            "type": "Feature",
            "properties": {
                "country": "Lithuania",
                "location": "Druskininkai"
            },
            "geometry": {
                "type": "Point",
                "coordinates": [
                    23.98472,
                    54.01353
                ]
            }
        },
        {
            "type": "Feature",
            "properties": {
                "country": "Macedonia",
                "location": "Tetovo"
            },
            "geometry": {
                "type": "Point",
                "coordinates": [
                    20.97589,
                    42.00229
                ]
            }
        },
        {
            "type": "Feature",
            "properties": {
                "country": "Macedonia",
                "location": "Skopje"
            },
            "geometry": {
                "type": "Point",
                "coordinates": [
                    21.43178,
                    41.99571
                ]
            }
        },
        {
            "type": "Feature",
            "properties": {
                "country": "Macedonia",
                "location": "Struga"
            },
            "geometry": {
                "type": "Point",
                "coordinates": [
                    20.677,
                    41.17941
                ]
            }
        },
        {
            "type": "Feature",
            "properties": {
                "country": "Macedonia",
                "location": "Ohrid"
            },
            "geometry": {
                "type": "Point",
                "coordinates": [
                    20.82075,
                    41.12876
                ]
            }
        },
        {
            "type": "Feature",
            "properties": {
                "country": "Malaysia",
                "location": "Kota Kinabalu"
            },
            "geometry": {
                "type": "Point",
                "coordinates": [
                    116.07349,
                    5.97938
                ]
            }
        },
        {
            "type": "Feature",
            "properties": {
                "country": "Malaysia",
                "location": "Lawas"
            },
            "geometry": {
                "type": "Point",
                "coordinates": [
                    115.409,
                    4.8604
                ]
            }
        },
        {
            "type": "Feature",
            "properties": {
                "country": "Malaysia",
                "location": "Miri"
            },
            "geometry": {
                "type": "Point",
                "coordinates": [
                    113.99088,
                    4.39307
                ]
            }
        },
        {
            "type": "Feature",
            "properties": {
                "country": "Malaysia",
                "location": "Rumah Chang"
            },
            "geometry": {
                "type": "Point",
                "coordinates": [
                    113.7883,
                    3.82512
                ]
            }
        },
        {
            "type": "Feature",
            "properties": {
                "country": "Malaysia",
                "location": "Niah Caves"
            },
            "geometry": {
                "type": "Point",
                "coordinates": [
                    113.78344,
                    3.81806
                ]
            }
        },
        {
            "type": "Feature",
            "properties": {
                "country": "Malaysia",
                "location": "Batu Niah"
            },
            "geometry": {
                "type": "Point",
                "coordinates": [
                    113.77961,
                    3.7355
                ]
            }
        },
        {
            "type": "Feature",
            "properties": {
                "country": "Malaysia",
                "location": "Bintulu"
            },
            "geometry": {
                "type": "Point",
                "coordinates": [
                    113.0677,
                    3.19806
                ]
            }
        },
        {
            "type": "Feature",
            "properties": {
                "country": "Malaysia",
                "location": "Kuala Lumpur"
            },
            "geometry": {
                "type": "Point",
                "coordinates": [
                    101.69717,
                    3.1568
                ]
            }
        },
        {
            "type": "Feature",
            "properties": {
                "country": "Malaysia",
                "location": "Sibu"
            },
            "geometry": {
                "type": "Point",
                "coordinates": [
                    111.84196,
                    2.29416
                ]
            }
        },
        {
            "type": "Feature",
            "properties": {
                "country": "Malaysia",
                "location": "Melaka"
            },
            "geometry": {
                "type": "Point",
                "coordinates": [
                    102.25327,
                    2.20685
                ]
            }
        },
        {
            "type": "Feature",
            "properties": {
                "country": "Malaysia",
                "location": "Bako National Park"
            },
            "geometry": {
                "type": "Point",
                "coordinates": [
                    110.44787,
                    1.71946
                ]
            }
        },
        {
            "type": "Feature",
            "properties": {
                "country": "Malaysia",
                "location": "Kuching"
            },
            "geometry": {
                "type": "Point",
                "coordinates": [
                    110.34341,
                    1.55492
                ]
            }
        },
        {
            "type": "Feature",
            "properties": {
                "country": "Malaysia",
                "location": "Johor Bahru"
            },
            "geometry": {
                "type": "Point",
                "coordinates": [
                    103.75248,
                    1.47339
                ]
            }
        },
        {
            "type": "Feature",
            "properties": {
                "country": "Malaysia",
                "location": "Semenggoh"
            },
            "geometry": {
                "type": "Point",
                "coordinates": [
                    110.31456,
                    1.40201
                ]
            }
        },
        {
            "type": "Feature",
            "properties": {
                "country": "Mexico",
                "location": "Cancun"
            },
            "geometry": {
                "type": "Point",
                "coordinates": [
                    -86.80287,
                    21.14967
                ]
            }
        },
        {
            "type": "Feature",
            "properties": {
                "country": "Mexico",
                "location": "Merida"
            },
            "geometry": {
                "type": "Point",
                "coordinates": [
                    -89.59243,
                    20.96763
                ]
            }
        },
        {
            "type": "Feature",
            "properties": {
                "country": "Mexico",
                "location": "Chichen Itza"
            },
            "geometry": {
                "type": "Point",
                "coordinates": [
                    -88.56853,
                    20.68339
                ]
            }
        },
        {
            "type": "Feature",
            "properties": {
                "country": "Mexico",
                "location": "Mexico City"
            },
            "geometry": {
                "type": "Point",
                "coordinates": [
                    -99.13325,
                    19.43268
                ]
            }
        },
        {
            "type": "Feature",
            "properties": {
                "country": "Monaco",
                "location": "Monaco"
            },
            "geometry": {
                "type": "Point",
                "coordinates": [
                    7.42077,
                    43.73438
                ]
            }
        },
        {
            "type": "Feature",
            "properties": {
                "country": "Mongolia",
                "location": "Sukhbaatar"
            },
            "geometry": {
                "type": "Point",
                "coordinates": [
                    106.19949,
                    50.23631
                ]
            }
        },
        {
            "type": "Feature",
            "properties": {
                "country": "Mongolia",
                "location": "Ulaanbaatar"
            },
            "geometry": {
                "type": "Point",
                "coordinates": [
                    106.91698,
                    47.92211
                ]
            }
        },
        {
            "type": "Feature",
            "properties": {
                "country": "Mongolia",
                "location": "Kharkhorin"
            },
            "geometry": {
                "type": "Point",
                "coordinates": [
                    102.84307,
                    47.19925
                ]
            }
        },
        {
            "type": "Feature",
            "properties": {
                "country": "Mongolia",
                "location": "Zamyn-Üüd"
            },
            "geometry": {
                "type": "Point",
                "coordinates": [
                    111.90501,
                    43.71827
                ]
            }
        },
        {
            "type": "Feature",
            "properties": {
                "country": "Mongolia",
                "location": "Dalandzadgad"
            },
            "geometry": {
                "type": "Point",
                "coordinates": [
                    104.42929,
                    43.57401
                ]
            }
        },
        {
            "type": "Feature",
            "properties": {
                "country": "Mongolia",
                "location": "Gurvan Saikhan Mountains"
            },
            "geometry": {
                "type": "Point",
                "coordinates": [
                    104.11,
                    43.485
                ]
            }
        },
        {
            "type": "Feature",
            "properties": {
                "country": "Montenegro",
                "location": "Berane"
            },
            "geometry": {
                "type": "Point",
                "coordinates": [
                    19.87103,
                    42.84641
                ]
            }
        },
        {
            "type": "Feature",
            "properties": {
                "country": "Montenegro",
                "location": "Rozaje"
            },
            "geometry": {
                "type": "Point",
                "coordinates": [
                    20.1672,
                    42.84167
                ]
            }
        },
        {
            "type": "Feature",
            "properties": {
                "country": "Montenegro",
                "location": "Podgorica"
            },
            "geometry": {
                "type": "Point",
                "coordinates": [
                    19.26391,
                    42.43544
                ]
            }
        },
        {
            "type": "Feature",
            "properties": {
                "country": "Montenegro",
                "location": "Kotor"
            },
            "geometry": {
                "type": "Point",
                "coordinates": [
                    18.76989,
                    42.42496
                ]
            }
        },
        {
            "type": "Feature",
            "properties": {
                "country": "Montenegro",
                "location": "Budva"
            },
            "geometry": {
                "type": "Point",
                "coordinates": [
                    18.83961,
                    42.28978
                ]
            }
        },
        {
            "type": "Feature",
            "properties": {
                "country": "Morocco",
                "location": "Tangier"
            },
            "geometry": {
                "type": "Point",
                "coordinates": [
                    -5.80315,
                    35.77975
                ]
            }
        },
        {
            "type": "Feature",
            "properties": {
                "country": "Morocco",
                "location": "Chefchaouen"
            },
            "geometry": {
                "type": "Point",
                "coordinates": [
                    -5.26275,
                    35.16576
                ]
            }
        },
        {
            "type": "Feature",
            "properties": {
                "country": "Morocco",
                "location": "Fes"
            },
            "geometry": {
                "type": "Point",
                "coordinates": [
                    -5.00435,
                    34.02681
                ]
            }
        },
        {
            "type": "Feature",
            "properties": {
                "country": "Morocco",
                "location": "Rabat"
            },
            "geometry": {
                "type": "Point",
                "coordinates": [
                    -6.83614,
                    34.01631
                ]
            }
        },
        {
            "type": "Feature",
            "properties": {
                "country": "Morocco",
                "location": "Meknes"
            },
            "geometry": {
                "type": "Point",
                "coordinates": [
                    -5.53551,
                    33.88268
                ]
            }
        },
        {
            "type": "Feature",
            "properties": {
                "country": "Morocco",
                "location": "Casablanca"
            },
            "geometry": {
                "type": "Point",
                "coordinates": [
                    -7.61888,
                    33.5966
                ]
            }
        },
        {
            "type": "Feature",
            "properties": {
                "country": "Morocco",
                "location": "Marrakech"
            },
            "geometry": {
                "type": "Point",
                "coordinates": [
                    -8.00296,
                    31.63217
                ]
            }
        },
        {
            "type": "Feature",
            "properties": {
                "country": "Morocco",
                "location": "Imlil"
            },
            "geometry": {
                "type": "Point",
                "coordinates": [
                    -7.91973,
                    31.13585
                ]
            }
        },
        {
            "type": "Feature",
            "properties": {
                "country": "Morocco",
                "location": "Jbel Toubkal"
            },
            "geometry": {
                "type": "Point",
                "coordinates": [
                    -7.91501,
                    31.0601
                ]
            }
        },
        {
            "type": "Feature",
            "properties": {
                "country": "Myanmar",
                "location": "Monywa"
            },
            "geometry": {
                "type": "Point",
                "coordinates": [
                    95.14359,
                    22.10741
                ]
            }
        },
        {
            "type": "Feature",
            "properties": {
                "country": "Myanmar",
                "location": "Mandalay"
            },
            "geometry": {
                "type": "Point",
                "coordinates": [
                    96.0812,
                    21.96881
                ]
            }
        },
        {
            "type": "Feature",
            "properties": {
                "country": "Myanmar",
                "location": "Amarapura"
            },
            "geometry": {
                "type": "Point",
                "coordinates": [
                    96.05,
                    21.9
                ]
            }
        },
        {
            "type": "Feature",
            "properties": {
                "country": "Myanmar",
                "location": "Sagaing"
            },
            "geometry": {
                "type": "Point",
                "coordinates": [
                    95.96615,
                    21.88141
                ]
            }
        },
        {
            "type": "Feature",
            "properties": {
                "country": "Myanmar",
                "location": "Nyaung U"
            },
            "geometry": {
                "type": "Point",
                "coordinates": [
                    94.91738,
                    21.2033
                ]
            }
        },
        {
            "type": "Feature",
            "properties": {
                "country": "Myanmar",
                "location": "Bagan"
            },
            "geometry": {
                "type": "Point",
                "coordinates": [
                    94.86154,
                    21.17264
                ]
            }
        },
        {
            "type": "Feature",
            "properties": {
                "country": "Myanmar",
                "location": "Nyaungshwe"
            },
            "geometry": {
                "type": "Point",
                "coordinates": [
                    96.93498,
                    20.65966
                ]
            }
        },
        {
            "type": "Feature",
            "properties": {
                "country": "Myanmar",
                "location": "Manawhla Pagoda"
            },
            "geometry": {
                "type": "Point",
                "coordinates": [
                    96.57066,
                    20.65752
                ]
            }
        },
        {
            "type": "Feature",
            "properties": {
                "country": "Myanmar",
                "location": "Kalaw"
            },
            "geometry": {
                "type": "Point",
                "coordinates": [
                    96.56487,
                    20.63455
                ]
            }
        },
        {
            "type": "Feature",
            "properties": {
                "country": "Myanmar",
                "location": "Mine Thauk"
            },
            "geometry": {
                "type": "Point",
                "coordinates": [
                    96.93393,
                    20.58129
                ]
            }
        },
        {
            "type": "Feature",
            "properties": {
                "country": "Myanmar",
                "location": "Inle Lake"
            },
            "geometry": {
                "type": "Point",
                "coordinates": [
                    96.91917,
                    20.5722
                ]
            }
        },
        {
            "type": "Feature",
            "properties": {
                "country": "Myanmar",
                "location": "Bago"
            },
            "geometry": {
                "type": "Point",
                "coordinates": [
                    96.48955,
                    17.33673
                ]
            }
        },
        {
            "type": "Feature",
            "properties": {
                "country": "Myanmar",
                "location": "Yangon"
            },
            "geometry": {
                "type": "Point",
                "coordinates": [
                    96.16125,
                    16.79495
                ]
            }
        },
        {
            "type": "Feature",
            "properties": {
                "country": "Nepal",
                "location": "Pokhara"
            },
            "geometry": {
                "type": "Point",
                "coordinates": [
                    83.99727,
                    28.20571
                ]
            }
        },
        {
            "type": "Feature",
            "properties": {
                "country": "Nepal",
                "location": "Tansen"
            },
            "geometry": {
                "type": "Point",
                "coordinates": [
                    83.5457,
                    27.86873
                ]
            }
        },
        {
            "type": "Feature",
            "properties": {
                "country": "Nepal",
                "location": "Kathmandu"
            },
            "geometry": {
                "type": "Point",
                "coordinates": [
                    85.31114,
                    27.704
                ]
            }
        },
        {
            "type": "Feature",
            "properties": {
                "country": "Nepal",
                "location": "Butwal"
            },
            "geometry": {
                "type": "Point",
                "coordinates": [
                    83.46149,
                    27.68384
                ]
            }
        },
        {
            "type": "Feature",
            "properties": {
                "country": "Nepal",
                "location": "Bhaktapur"
            },
            "geometry": {
                "type": "Point",
                "coordinates": [
                    85.42783,
                    27.67399
                ]
            }
        },
        {
            "type": "Feature",
            "properties": {
                "country": "Nepal",
                "location": "Patan"
            },
            "geometry": {
                "type": "Point",
                "coordinates": [
                    85.32445,
                    27.6732
                ]
            }
        },
        {
            "type": "Feature",
            "properties": {
                "country": "Netherlands",
                "location": "Groningen"
            },
            "geometry": {
                "type": "Point",
                "coordinates": [
                    6.56477,
                    53.21788
                ]
            }
        },
        {
            "type": "Feature",
            "properties": {
                "country": "Netherlands",
                "location": "Amsterdam"
            },
            "geometry": {
                "type": "Point",
                "coordinates": [
                    4.89,
                    52.37
                ]
            }
        },
        {
            "type": "Feature",
            "properties": {
                "country": "Netherlands",
                "location": "Utrecht"
            },
            "geometry": {
                "type": "Point",
                "coordinates": [
                    5.12013,
                    52.09041
                ]
            }
        },
        {
            "type": "Feature",
            "properties": {
                "country": "Netherlands",
                "location": "The Hague"
            },
            "geometry": {
                "type": "Point",
                "coordinates": [
                    4.3106,
                    52.07636
                ]
            }
        },
        {
            "type": "Feature",
            "properties": {
                "country": "Netherlands",
                "location": "Delft"
            },
            "geometry": {
                "type": "Point",
                "coordinates": [
                    4.35624,
                    52.00543
                ]
            }
        },
        {
            "type": "Feature",
            "properties": {
                "country": "Netherlands",
                "location": "Rotterdam"
            },
            "geometry": {
                "type": "Point",
                "coordinates": [
                    4.48087,
                    51.92053
                ]
            }
        },
        {
            "type": "Feature",
            "properties": {
                "country": "Netherlands",
                "location": "Eindhoven"
            },
            "geometry": {
                "type": "Point",
                "coordinates": [
                    5.47963,
                    51.44468
                ]
            }
        },
        {
            "type": "Feature",
            "properties": {
                "country": "New Zealand",
                "location": "Auckland"
            },
            "geometry": {
                "type": "Point",
                "coordinates": [
                    174.76103,
                    -36.84941
                ]
            }
        },
        {
            "type": "Feature",
            "properties": {
                "country": "New Zealand",
                "location": "Pakuranga"
            },
            "geometry": {
                "type": "Point",
                "coordinates": [
                    174.87904,
                    -36.91584
                ]
            }
        },
        {
            "type": "Feature",
            "properties": {
                "country": "New Zealand",
                "location": "Tirau"
            },
            "geometry": {
                "type": "Point",
                "coordinates": [
                    175.7592,
                    -37.97877
                ]
            }
        },
        {
            "type": "Feature",
            "properties": {
                "country": "New Zealand",
                "location": "Turangi"
            },
            "geometry": {
                "type": "Point",
                "coordinates": [
                    175.80884,
                    -38.99042
                ]
            }
        },
        {
            "type": "Feature",
            "properties": {
                "country": "New Zealand",
                "location": "Lake Rotoaria Rd"
            },
            "geometry": {
                "type": "Point",
                "coordinates": [
                    175.66709,
                    -39.06551
                ]
            }
        },
        {
            "type": "Feature",
            "properties": {
                "country": "New Zealand",
                "location": "Emerald Lakes"
            },
            "geometry": {
                "type": "Point",
                "coordinates": [
                    175.65526,
                    -39.13346
                ]
            }
        },
        {
            "type": "Feature",
            "properties": {
                "country": "New Zealand",
                "location": "Mangatepopo Carpark"
            },
            "geometry": {
                "type": "Point",
                "coordinates": [
                    175.581,
                    -39.1445
                ]
            }
        },
        {
            "type": "Feature",
            "properties": {
                "country": "New Zealand",
                "location": "National Park Village"
            },
            "geometry": {
                "type": "Point",
                "coordinates": [
                    175.40079,
                    -39.1741
                ]
            }
        },
        {
            "type": "Feature",
            "properties": {
                "country": "New Zealand",
                "location": "Raetihi"
            },
            "geometry": {
                "type": "Point",
                "coordinates": [
                    175.2819,
                    -39.42805
                ]
            }
        },
        {
            "type": "Feature",
            "properties": {
                "country": "New Zealand",
                "location": "Whanganui"
            },
            "geometry": {
                "type": "Point",
                "coordinates": [
                    175.04938,
                    -39.93453
                ]
            }
        },
        {
            "type": "Feature",
            "properties": {
                "country": "New Zealand",
                "location": "Paraparaumu"
            },
            "geometry": {
                "type": "Point",
                "coordinates": [
                    175.00462,
                    -40.91503
                ]
            }
        },
        {
            "type": "Feature",
            "properties": {
                "country": "New Zealand",
                "location": "Marahau"
            },
            "geometry": {
                "type": "Point",
                "coordinates": [
                    173.00916,
                    -41.0074
                ]
            }
        },
        {
            "type": "Feature",
            "properties": {
                "country": "New Zealand",
                "location": "Motueka"
            },
            "geometry": {
                "type": "Point",
                "coordinates": [
                    173.01103,
                    -41.11245
                ]
            }
        },
        {
            "type": "Feature",
            "properties": {
                "country": "New Zealand",
                "location": "Wellington"
            },
            "geometry": {
                "type": "Point",
                "coordinates": [
                    174.77695,
                    -41.28609
                ]
            }
        },
        {
            "type": "Feature",
            "properties": {
                "country": "New Zealand",
                "location": "Picton"
            },
            "geometry": {
                "type": "Point",
                "coordinates": [
                    174.00539,
                    -41.28883
                ]
            }
        },
        {
            "type": "Feature",
            "properties": {
                "country": "New Zealand",
                "location": "Westport"
            },
            "geometry": {
                "type": "Point",
                "coordinates": [
                    171.60039,
                    -41.75758
                ]
            }
        },
        {
            "type": "Feature",
            "properties": {
                "country": "New Zealand",
                "location": "Punakaiki"
            },
            "geometry": {
                "type": "Point",
                "coordinates": [
                    171.33643,
                    -42.10813
                ]
            }
        },
        {
            "type": "Feature",
            "properties": {
                "country": "New Zealand",
                "location": "Greymouth"
            },
            "geometry": {
                "type": "Point",
                "coordinates": [
                    171.20314,
                    -42.45024
                ]
            }
        },
        {
            "type": "Feature",
            "properties": {
                "country": "New Zealand",
                "location": "Moana"
            },
            "geometry": {
                "type": "Point",
                "coordinates": [
                    171.4831,
                    -42.57493
                ]
            }
        },
        {
            "type": "Feature",
            "properties": {
                "country": "New Zealand",
                "location": "Hokitika"
            },
            "geometry": {
                "type": "Point",
                "coordinates": [
                    170.96948,
                    -42.7158
                ]
            }
        },
        {
            "type": "Feature",
            "properties": {
                "country": "New Zealand",
                "location": "Ross"
            },
            "geometry": {
                "type": "Point",
                "coordinates": [
                    170.8166,
                    -42.89827
                ]
            }
        },
        {
            "type": "Feature",
            "properties": {
                "country": "New Zealand",
                "location": "Franz Josef"
            },
            "geometry": {
                "type": "Point",
                "coordinates": [
                    170.18181,
                    -43.38766
                ]
            }
        },
        {
            "type": "Feature",
            "properties": {
                "country": "New Zealand",
                "location": "Alex Knob"
            },
            "geometry": {
                "type": "Point",
                "coordinates": [
                    170.1513,
                    -43.4277
                ]
            }
        },
        {
            "type": "Feature",
            "properties": {
                "country": "New Zealand",
                "location": "Franz Valley"
            },
            "geometry": {
                "type": "Point",
                "coordinates": [
                    170.17239,
                    -43.4441
                ]
            }
        },
        {
            "type": "Feature",
            "properties": {
                "country": "New Zealand",
                "location": "Christchurch"
            },
            "geometry": {
                "type": "Point",
                "coordinates": [
                    172.63718,
                    -43.53202
                ]
            }
        },
        {
            "type": "Feature",
            "properties": {
                "country": "New Zealand",
                "location": "Ball Shelter Track"
            },
            "geometry": {
                "type": "Point",
                "coordinates": [
                    170.18748,
                    -43.63656
                ]
            }
        },
        {
            "type": "Feature",
            "properties": {
                "country": "New Zealand",
                "location": "Hooker Lake Track"
            },
            "geometry": {
                "type": "Point",
                "coordinates": [
                    170.11385,
                    -43.68013
                ]
            }
        },
        {
            "type": "Feature",
            "properties": {
                "country": "New Zealand",
                "location": "Mount Oliver"
            },
            "geometry": {
                "type": "Point",
                "coordinates": [
                    170.06458,
                    -43.7255
                ]
            }
        },
        {
            "type": "Feature",
            "properties": {
                "country": "New Zealand",
                "location": "Mt. Cook Village"
            },
            "geometry": {
                "type": "Point",
                "coordinates": [
                    170.09755,
                    -43.73408
                ]
            }
        },
        {
            "type": "Feature",
            "properties": {
                "country": "New Zealand",
                "location": "Lake Tekapo"
            },
            "geometry": {
                "type": "Point",
                "coordinates": [
                    170.4839,
                    -44.00565
                ]
            }
        },
        {
            "type": "Feature",
            "properties": {
                "country": "New Zealand",
                "location": "Twizel"
            },
            "geometry": {
                "type": "Point",
                "coordinates": [
                    170.0976,
                    -44.2551
                ]
            }
        },
        {
            "type": "Feature",
            "properties": {
                "country": "New Zealand",
                "location": "Omarama"
            },
            "geometry": {
                "type": "Point",
                "coordinates": [
                    169.96635,
                    -44.48798
                ]
            }
        },
        {
            "type": "Feature",
            "properties": {
                "country": "New Zealand",
                "location": "Rocky Mountain"
            },
            "geometry": {
                "type": "Point",
                "coordinates": [
                    168.96956,
                    -44.63943
                ]
            }
        },
        {
            "type": "Feature",
            "properties": {
                "country": "New Zealand",
                "location": "Diamond Lake"
            },
            "geometry": {
                "type": "Point",
                "coordinates": [
                    168.9639,
                    -44.64759
                ]
            }
        },
        {
            "type": "Feature",
            "properties": {
                "country": "New Zealand",
                "location": "Roy's Peak"
            },
            "geometry": {
                "type": "Point",
                "coordinates": [
                    169.04882,
                    -44.69443
                ]
            }
        },
        {
            "type": "Feature",
            "properties": {
                "country": "New Zealand",
                "location": "Wanaka"
            },
            "geometry": {
                "type": "Point",
                "coordinates": [
                    169.13551,
                    -44.69725
                ]
            }
        },
        {
            "type": "Feature",
            "properties": {
                "country": "New Zealand",
                "location": "Routeburn Track"
            },
            "geometry": {
                "type": "Point",
                "coordinates": [
                    168.27851,
                    -44.71853
                ]
            }
        },
        {
            "type": "Feature",
            "properties": {
                "country": "New Zealand",
                "location": "Conical Hill"
            },
            "geometry": {
                "type": "Point",
                "coordinates": [
                    168.1691,
                    -44.72149
                ]
            }
        },
        {
            "type": "Feature",
            "properties": {
                "country": "New Zealand",
                "location": "Isengard Lookout"
            },
            "geometry": {
                "type": "Point",
                "coordinates": [
                    168.32607,
                    -44.77372
                ]
            }
        },
        {
            "type": "Feature",
            "properties": {
                "country": "New Zealand",
                "location": "Routeburn Track"
            },
            "geometry": {
                "type": "Point",
                "coordinates": [
                    168.11724,
                    -44.82507
                ]
            }
        },
        {
            "type": "Feature",
            "properties": {
                "country": "New Zealand",
                "location": "Glenorchy"
            },
            "geometry": {
                "type": "Point",
                "coordinates": [
                    168.38675,
                    -44.85003
                ]
            }
        },
        {
            "type": "Feature",
            "properties": {
                "country": "New Zealand",
                "location": "Ben Lomond"
            },
            "geometry": {
                "type": "Point",
                "coordinates": [
                    168.61542,
                    -45.00702
                ]
            }
        },
        {
            "type": "Feature",
            "properties": {
                "country": "New Zealand",
                "location": "Frankton"
            },
            "geometry": {
                "type": "Point",
                "coordinates": [
                    168.73142,
                    -45.01854
                ]
            }
        },
        {
            "type": "Feature",
            "properties": {
                "country": "New Zealand",
                "location": "Queenstown"
            },
            "geometry": {
                "type": "Point",
                "coordinates": [
                    168.66235,
                    -45.03106
                ]
            }
        },
        {
            "type": "Feature",
            "properties": {
                "country": "New Zealand",
                "location": "Te Anau"
            },
            "geometry": {
                "type": "Point",
                "coordinates": [
                    167.71991,
                    -45.40424
                ]
            }
        },
        {
            "type": "Feature",
            "properties": {
                "country": "Norway",
                "location": "Tromsø"
            },
            "geometry": {
                "type": "Point",
                "coordinates": [
                    18.95952,
                    69.65205
                ]
            }
        },
        {
            "type": "Feature",
            "properties": {
                "country": "Norway",
                "location": "Paras"
            },
            "geometry": {
                "type": "Point",
                "coordinates": [
                    20.10055,
                    69.11623
                ]
            }
        },
        {
            "type": "Feature",
            "properties": {
                "country": "Norway",
                "location": "Gappohytta"
            },
            "geometry": {
                "type": "Point",
                "coordinates": [
                    20.25367,
                    69.05295
                ]
            }
        },
        {
            "type": "Feature",
            "properties": {
                "country": "Norway",
                "location": "Øverbygd"
            },
            "geometry": {
                "type": "Point",
                "coordinates": [
                    19.29633,
                    69.02483
                ]
            }
        },
        {
            "type": "Feature",
            "properties": {
                "country": "Norway",
                "location": "Rostahytta"
            },
            "geometry": {
                "type": "Point",
                "coordinates": [
                    20.02632,
                    68.93944
                ]
            }
        },
        {
            "type": "Feature",
            "properties": {
                "country": "Norway",
                "location": "Frihetsli"
            },
            "geometry": {
                "type": "Point",
                "coordinates": [
                    19.70651,
                    68.7772
                ]
            }
        },
        {
            "type": "Feature",
            "properties": {
                "country": "Norway",
                "location": "Øvre Dividal National Park"
            },
            "geometry": {
                "type": "Point",
                "coordinates": [
                    20.01455,
                    68.75021
                ]
            }
        },
        {
            "type": "Feature",
            "properties": {
                "country": "Norway",
                "location": "Anjavasshytta"
            },
            "geometry": {
                "type": "Point",
                "coordinates": [
                    19.76853,
                    68.69347
                ]
            }
        },
        {
            "type": "Feature",
            "properties": {
                "country": "Norway",
                "location": "Havgahytta"
            },
            "geometry": {
                "type": "Point",
                "coordinates": [
                    19.8624,
                    68.62512
                ]
            }
        },
        {
            "type": "Feature",
            "properties": {
                "country": "Norway",
                "location": "Ålesund"
            },
            "geometry": {
                "type": "Point",
                "coordinates": [
                    6.35202,
                    62.46716
                ]
            }
        },
        {
            "type": "Feature",
            "properties": {
                "country": "Norway",
                "location": "Romestrand"
            },
            "geometry": {
                "type": "Point",
                "coordinates": [
                    6.27548,
                    62.36069
                ]
            }
        },
        {
            "type": "Feature",
            "properties": {
                "country": "Norway",
                "location": "Mohns topp"
            },
            "geometry": {
                "type": "Point",
                "coordinates": [
                    6.34605,
                    62.30973
                ]
            }
        },
        {
            "type": "Feature",
            "properties": {
                "country": "Norway",
                "location": "Kvandalsskardet"
            },
            "geometry": {
                "type": "Point",
                "coordinates": [
                    6.32317,
                    62.27017
                ]
            }
        },
        {
            "type": "Feature",
            "properties": {
                "country": "Norway",
                "location": "Standalhytta"
            },
            "geometry": {
                "type": "Point",
                "coordinates": [
                    6.35179,
                    62.2466
                ]
            }
        },
        {
            "type": "Feature",
            "properties": {
                "country": "Norway",
                "location": "Ørsta"
            },
            "geometry": {
                "type": "Point",
                "coordinates": [
                    6.12751,
                    62.19842
                ]
            }
        },
        {
            "type": "Feature",
            "properties": {
                "country": "Norway",
                "location": "Langvatn"
            },
            "geometry": {
                "type": "Point",
                "coordinates": [
                    7.39758,
                    62.01333
                ]
            }
        },
        {
            "type": "Feature",
            "properties": {
                "country": "Norway",
                "location": "Stryn"
            },
            "geometry": {
                "type": "Point",
                "coordinates": [
                    6.71568,
                    61.90356
                ]
            }
        },
        {
            "type": "Feature",
            "properties": {
                "country": "Norway",
                "location": "Lom"
            },
            "geometry": {
                "type": "Point",
                "coordinates": [
                    8.56844,
                    61.83775
                ]
            }
        },
        {
            "type": "Feature",
            "properties": {
                "country": "Norway",
                "location": "Glittertinden"
            },
            "geometry": {
                "type": "Point",
                "coordinates": [
                    8.55763,
                    61.65127
                ]
            }
        },
        {
            "type": "Feature",
            "properties": {
                "country": "Norway",
                "location": "Spiterstulen"
            },
            "geometry": {
                "type": "Point",
                "coordinates": [
                    8.40459,
                    61.62476
                ]
            }
        },
        {
            "type": "Feature",
            "properties": {
                "country": "Norway",
                "location": "Glitterheim"
            },
            "geometry": {
                "type": "Point",
                "coordinates": [
                    8.63247,
                    61.62266
                ]
            }
        },
        {
            "type": "Feature",
            "properties": {
                "country": "Norway",
                "location": "Leirvassbu"
            },
            "geometry": {
                "type": "Point",
                "coordinates": [
                    8.2468,
                    61.54924
                ]
            }
        },
        {
            "type": "Feature",
            "properties": {
                "country": "Norway",
                "location": "Sundodden"
            },
            "geometry": {
                "type": "Point",
                "coordinates": [
                    8.66191,
                    61.54325
                ]
            }
        },
        {
            "type": "Feature",
            "properties": {
                "country": "Norway",
                "location": "Besseggen"
            },
            "geometry": {
                "type": "Point",
                "coordinates": [
                    8.73142,
                    61.50404
                ]
            }
        },
        {
            "type": "Feature",
            "properties": {
                "country": "Norway",
                "location": "Gjendesheim"
            },
            "geometry": {
                "type": "Point",
                "coordinates": [
                    8.80944,
                    61.4952
                ]
            }
        },
        {
            "type": "Feature",
            "properties": {
                "country": "Norway",
                "location": "Røn"
            },
            "geometry": {
                "type": "Point",
                "coordinates": [
                    9.05798,
                    61.03179
                ]
            }
        },
        {
            "type": "Feature",
            "properties": {
                "country": "Norway",
                "location": "Fagernes"
            },
            "geometry": {
                "type": "Point",
                "coordinates": [
                    9.23712,
                    60.98509
                ]
            }
        },
        {
            "type": "Feature",
            "properties": {
                "country": "Norway",
                "location": "Leira"
            },
            "geometry": {
                "type": "Point",
                "coordinates": [
                    9.29002,
                    60.9674
                ]
            }
        },
        {
            "type": "Feature",
            "properties": {
                "country": "Norway",
                "location": "Hønefoss"
            },
            "geometry": {
                "type": "Point",
                "coordinates": [
                    10.25649,
                    60.1642
                ]
            }
        },
        {
            "type": "Feature",
            "properties": {
                "country": "Norway",
                "location": "Oslo"
            },
            "geometry": {
                "type": "Point",
                "coordinates": [
                    10.72845,
                    59.91685
                ]
            }
        },
        {
            "type": "Feature",
            "properties": {
                "country": "Norway",
                "location": "Hjertåstoppen"
            },
            "geometry": {
                "type": "Point",
                "coordinates": [
                    10.22655,
                    59.16294
                ]
            }
        },
        {
            "type": "Feature",
            "properties": {
                "country": "Norway",
                "location": "Sandefjord"
            },
            "geometry": {
                "type": "Point",
                "coordinates": [
                    10.22346,
                    59.12966
                ]
            }
        },
        {
            "type": "Feature",
            "properties": {
                "country": "Norway",
                "location": "Solasanden"
            },
            "geometry": {
                "type": "Point",
                "coordinates": [
                    5.60195,
                    58.88718
                ]
            }
        },
        {
            "type": "Feature",
            "properties": {
                "country": "Oman",
                "location": "Muscat"
            },
            "geometry": {
                "type": "Point",
                "coordinates": [
                    58.39985,
                    23.59532
                ]
            }
        },
        {
            "type": "Feature",
            "properties": {
                "country": "Palestine",
                "location": "Bethlehem"
            },
            "geometry": {
                "type": "Point",
                "coordinates": [
                    35.205,
                    31.7056
                ]
            }
        },
        {
            "type": "Feature",
            "properties": {
                "country": "Palestine",
                "location": "Hebron"
            },
            "geometry": {
                "type": "Point",
                "coordinates": [
                    35.1098,
                    31.5236
                ]
            }
        },
        {
            "type": "Feature",
            "properties": {
                "country": "Palestine/Israel",
                "location": "Jerusalem"
            },
            "geometry": {
                "type": "Point",
                "coordinates": [
                    35.233,
                    31.778
                ]
            }
        },
        {
            "type": "Feature",
            "properties": {
                "country": "Paraguay",
                "location": "Asuncion"
            },
            "geometry": {
                "type": "Point",
                "coordinates": [
                    -57.62248,
                    -25.29833
                ]
            }
        },
        {
            "type": "Feature",
            "properties": {
                "country": "Paraguay",
                "location": "Ciudad Del Este"
            },
            "geometry": {
                "type": "Point",
                "coordinates": [
                    -54.61516,
                    -25.52729
                ]
            }
        },
        {
            "type": "Feature",
            "properties": {
                "country": "Peru",
                "location": "Iquitos"
            },
            "geometry": {
                "type": "Point",
                "coordinates": [
                    -73.24078,
                    -3.73165
                ]
            }
        },
        {
            "type": "Feature",
            "properties": {
                "country": "Peru",
                "location": "Santa Rosa"
            },
            "geometry": {
                "type": "Point",
                "coordinates": [
                    -69.95698,
                    -4.22492
                ]
            }
        },
        {
            "type": "Feature",
            "properties": {
                "country": "Peru",
                "location": "Yurimaguas"
            },
            "geometry": {
                "type": "Point",
                "coordinates": [
                    -76.10493,
                    -5.8953
                ]
            }
        },
        {
            "type": "Feature",
            "properties": {
                "country": "Peru",
                "location": "Pedro Ruiz"
            },
            "geometry": {
                "type": "Point",
                "coordinates": [
                    -77.97993,
                    -5.94527
                ]
            }
        },
        {
            "type": "Feature",
            "properties": {
                "country": "Peru",
                "location": "Chachapoyas"
            },
            "geometry": {
                "type": "Point",
                "coordinates": [
                    -77.86816,
                    -6.23424
                ]
            }
        },
        {
            "type": "Feature",
            "properties": {
                "country": "Peru",
                "location": "Tingo"
            },
            "geometry": {
                "type": "Point",
                "coordinates": [
                    -77.90579,
                    -6.37556
                ]
            }
        },
        {
            "type": "Feature",
            "properties": {
                "country": "Peru",
                "location": "Kuelap"
            },
            "geometry": {
                "type": "Point",
                "coordinates": [
                    -77.92384,
                    -6.41721
                ]
            }
        },
        {
            "type": "Feature",
            "properties": {
                "country": "Peru",
                "location": "Tarapoto"
            },
            "geometry": {
                "type": "Point",
                "coordinates": [
                    -76.37838,
                    -6.48145
                ]
            }
        },
        {
            "type": "Feature",
            "properties": {
                "country": "Peru",
                "location": "Tucume"
            },
            "geometry": {
                "type": "Point",
                "coordinates": [
                    -79.84328,
                    -6.51605
                ]
            }
        },
        {
            "type": "Feature",
            "properties": {
                "country": "Peru",
                "location": "Chiclayo"
            },
            "geometry": {
                "type": "Point",
                "coordinates": [
                    -79.84435,
                    -6.77669
                ]
            }
        },
        {
            "type": "Feature",
            "properties": {
                "country": "Peru",
                "location": "Chan Chan"
            },
            "geometry": {
                "type": "Point",
                "coordinates": [
                    -79.07492,
                    -8.11051
                ]
            }
        },
        {
            "type": "Feature",
            "properties": {
                "country": "Peru",
                "location": "Trujillo"
            },
            "geometry": {
                "type": "Point",
                "coordinates": [
                    -79.0288,
                    -8.112
                ]
            }
        },
        {
            "type": "Feature",
            "properties": {
                "country": "Peru",
                "location": "Lima"
            },
            "geometry": {
                "type": "Point",
                "coordinates": [
                    -77.03925,
                    -12.07268
                ]
            }
        },
        {
            "type": "Feature",
            "properties": {
                "country": "Peru",
                "location": "Santa Maria"
            },
            "geometry": {
                "type": "Point",
                "coordinates": [
                    -72.6337,
                    -13.00591
                ]
            }
        },
        {
            "type": "Feature",
            "properties": {
                "country": "Peru",
                "location": "Santa Teresa"
            },
            "geometry": {
                "type": "Point",
                "coordinates": [
                    -72.5905,
                    -13.13222
                ]
            }
        },
        {
            "type": "Feature",
            "properties": {
                "country": "Peru",
                "location": "Aguas Calientes"
            },
            "geometry": {
                "type": "Point",
                "coordinates": [
                    -72.52298,
                    -13.15631
                ]
            }
        },
        {
            "type": "Feature",
            "properties": {
                "country": "Peru",
                "location": "Machu Picchu"
            },
            "geometry": {
                "type": "Point",
                "coordinates": [
                    -72.54521,
                    -13.16328
                ]
            }
        },
        {
            "type": "Feature",
            "properties": {
                "country": "Peru",
                "location": "Hidroelectrica"
            },
            "geometry": {
                "type": "Point",
                "coordinates": [
                    -72.55944,
                    -13.17388
                ]
            }
        },
        {
            "type": "Feature",
            "properties": {
                "country": "Peru",
                "location": "Cerro Machu Picchu"
            },
            "geometry": {
                "type": "Point",
                "coordinates": [
                    -72.54166,
                    -13.17494
                ]
            }
        },
        {
            "type": "Feature",
            "properties": {
                "country": "Peru",
                "location": "Cusco"
            },
            "geometry": {
                "type": "Point",
                "coordinates": [
                    -71.96856,
                    -13.52189
                ]
            }
        },
        {
            "type": "Feature",
            "properties": {
                "country": "Peru",
                "location": "Juliaca"
            },
            "geometry": {
                "type": "Point",
                "coordinates": [
                    -70.13837,
                    -15.49668
                ]
            }
        },
        {
            "type": "Feature",
            "properties": {
                "country": "Peru",
                "location": "Malata"
            },
            "geometry": {
                "type": "Point",
                "coordinates": [
                    -71.96263,
                    -15.58573
                ]
            }
        },
        {
            "type": "Feature",
            "properties": {
                "country": "Peru",
                "location": "San Juan de Chuccho"
            },
            "geometry": {
                "type": "Point",
                "coordinates": [
                    -71.94808,
                    -15.5926
                ]
            }
        },
        {
            "type": "Feature",
            "properties": {
                "country": "Peru",
                "location": "Rio Colca"
            },
            "geometry": {
                "type": "Point",
                "coordinates": [
                    -71.97337,
                    -15.59777
                ]
            }
        },
        {
            "type": "Feature",
            "properties": {
                "country": "Peru",
                "location": "Cabanaconde"
            },
            "geometry": {
                "type": "Point",
                "coordinates": [
                    -71.98,
                    -15.62197
                ]
            }
        },
        {
            "type": "Feature",
            "properties": {
                "country": "Peru",
                "location": "Chivay"
            },
            "geometry": {
                "type": "Point",
                "coordinates": [
                    -71.60533,
                    -15.65611
                ]
            }
        },
        {
            "type": "Feature",
            "properties": {
                "country": "Peru",
                "location": "Lake Titicaca"
            },
            "geometry": {
                "type": "Point",
                "coordinates": [
                    -69.85119,
                    -15.74994
                ]
            }
        },
        {
            "type": "Feature",
            "properties": {
                "country": "Peru",
                "location": "Puno"
            },
            "geometry": {
                "type": "Point",
                "coordinates": [
                    -70.02042,
                    -15.84208
                ]
            }
        },
        {
            "type": "Feature",
            "properties": {
                "country": "Peru",
                "location": "Arequipa"
            },
            "geometry": {
                "type": "Point",
                "coordinates": [
                    -71.53407,
                    -16.3982
                ]
            }
        },
        {
            "type": "Feature",
            "properties": {
                "country": "Philippines",
                "location": "Manila"
            },
            "geometry": {
                "type": "Point",
                "coordinates": [
                    120.98082,
                    14.59656
                ]
            }
        },
        {
            "type": "Feature",
            "properties": {
                "country": "Philippines",
                "location": "Tagaytay"
            },
            "geometry": {
                "type": "Point",
                "coordinates": [
                    120.94035,
                    14.10041
                ]
            }
        },
        {
            "type": "Feature",
            "properties": {
                "country": "Philippines",
                "location": "San Pablo"
            },
            "geometry": {
                "type": "Point",
                "coordinates": [
                    121.3278,
                    14.06154
                ]
            }
        },
        {
            "type": "Feature",
            "properties": {
                "country": "Philippines",
                "location": "Batangas"
            },
            "geometry": {
                "type": "Point",
                "coordinates": [
                    121.05204,
                    13.75504
                ]
            }
        },
        {
            "type": "Feature",
            "properties": {
                "country": "Philippines",
                "location": "Sabang"
            },
            "geometry": {
                "type": "Point",
                "coordinates": [
                    120.976,
                    13.52045
                ]
            }
        },
        {
            "type": "Feature",
            "properties": {
                "country": "Philippines",
                "location": "Puerto Galera"
            },
            "geometry": {
                "type": "Point",
                "coordinates": [
                    120.95996,
                    13.50207
                ]
            }
        },
        {
            "type": "Feature",
            "properties": {
                "country": "Philippines",
                "location": "Boracay"
            },
            "geometry": {
                "type": "Point",
                "coordinates": [
                    121.92491,
                    11.96443
                ]
            }
        },
        {
            "type": "Feature",
            "properties": {
                "country": "Philippines",
                "location": "Caticlan"
            },
            "geometry": {
                "type": "Point",
                "coordinates": [
                    121.95325,
                    11.93207
                ]
            }
        },
        {
            "type": "Feature",
            "properties": {
                "country": "Philippines",
                "location": "Kalibo"
            },
            "geometry": {
                "type": "Point",
                "coordinates": [
                    122.36805,
                    11.70866
                ]
            }
        },
        {
            "type": "Feature",
            "properties": {
                "country": "Philippines",
                "location": "Nacpan Beach"
            },
            "geometry": {
                "type": "Point",
                "coordinates": [
                    119.42007,
                    11.31211
                ]
            }
        },
        {
            "type": "Feature",
            "properties": {
                "country": "Philippines",
                "location": "El Nido"
            },
            "geometry": {
                "type": "Point",
                "coordinates": [
                    119.3904,
                    11.18035
                ]
            }
        },
        {
            "type": "Feature",
            "properties": {
                "country": "Philippines",
                "location": "Miniloc Island"
            },
            "geometry": {
                "type": "Point",
                "coordinates": [
                    119.31274,
                    11.14556
                ]
            }
        },
        {
            "type": "Feature",
            "properties": {
                "country": "Philippines",
                "location": "Shimizu Island"
            },
            "geometry": {
                "type": "Point",
                "coordinates": [
                    119.31903,
                    11.13844
                ]
            }
        },
        {
            "type": "Feature",
            "properties": {
                "country": "Philippines",
                "location": "Lapu Lapu"
            },
            "geometry": {
                "type": "Point",
                "coordinates": [
                    123.95702,
                    10.3173
                ]
            }
        },
        {
            "type": "Feature",
            "properties": {
                "country": "Philippines",
                "location": "Cebu City"
            },
            "geometry": {
                "type": "Point",
                "coordinates": [
                    123.89224,
                    10.31118
                ]
            }
        },
        {
            "type": "Feature",
            "properties": {
                "country": "Philippines",
                "location": "Sabang"
            },
            "geometry": {
                "type": "Point",
                "coordinates": [
                    118.89296,
                    10.19696
                ]
            }
        },
        {
            "type": "Feature",
            "properties": {
                "country": "Philippines",
                "location": "Moalboal"
            },
            "geometry": {
                "type": "Point",
                "coordinates": [
                    123.39291,
                    9.93767
                ]
            }
        },
        {
            "type": "Feature",
            "properties": {
                "country": "Philippines",
                "location": "Kawasan Falls"
            },
            "geometry": {
                "type": "Point",
                "coordinates": [
                    123.37429,
                    9.80195
                ]
            }
        },
        {
            "type": "Feature",
            "properties": {
                "country": "Philippines",
                "location": "Puerto Princesa"
            },
            "geometry": {
                "type": "Point",
                "coordinates": [
                    118.73788,
                    9.74033
                ]
            }
        },
        {
            "type": "Feature",
            "properties": {
                "country": "Philippines",
                "location": "Bato"
            },
            "geometry": {
                "type": "Point",
                "coordinates": [
                    123.30103,
                    9.4592
                ]
            }
        },
        {
            "type": "Feature",
            "properties": {
                "country": "Philippines",
                "location": "Tampi"
            },
            "geometry": {
                "type": "Point",
                "coordinates": [
                    123.2362,
                    9.44137
                ]
            }
        },
        {
            "type": "Feature",
            "properties": {
                "country": "Philippines",
                "location": "Dumaguete"
            },
            "geometry": {
                "type": "Point",
                "coordinates": [
                    123.30481,
                    9.30017
                ]
            }
        },
        {
            "type": "Feature",
            "properties": {
                "country": "Philippines",
                "location": "Malatapay"
            },
            "geometry": {
                "type": "Point",
                "coordinates": [
                    123.2129,
                    9.12334
                ]
            }
        },
        {
            "type": "Feature",
            "properties": {
                "country": "Philippines",
                "location": "Apo Island"
            },
            "geometry": {
                "type": "Point",
                "coordinates": [
                    123.26874,
                    9.07721
                ]
            }
        },
        {
            "type": "Feature",
            "properties": {
                "country": "Poland",
                "location": "Władysławowo"
            },
            "geometry": {
                "type": "Point",
                "coordinates": [
                    18.40032,
                    54.79733
                ]
            }
        },
        {
            "type": "Feature",
            "properties": {
                "country": "Poland",
                "location": "Łeba"
            },
            "geometry": {
                "type": "Point",
                "coordinates": [
                    17.55664,
                    54.76228
                ]
            }
        },
        {
            "type": "Feature",
            "properties": {
                "country": "Poland",
                "location": "Jastarnia"
            },
            "geometry": {
                "type": "Point",
                "coordinates": [
                    18.67762,
                    54.69518
                ]
            }
        },
        {
            "type": "Feature",
            "properties": {
                "country": "Poland",
                "location": "Jurata"
            },
            "geometry": {
                "type": "Point",
                "coordinates": [
                    18.71819,
                    54.68249
                ]
            }
        },
        {
            "type": "Feature",
            "properties": {
                "country": "Poland",
                "location": "Hel"
            },
            "geometry": {
                "type": "Point",
                "coordinates": [
                    18.8008,
                    54.60838
                ]
            }
        },
        {
            "type": "Feature",
            "properties": {
                "country": "Poland",
                "location": "Wejherowo"
            },
            "geometry": {
                "type": "Point",
                "coordinates": [
                    18.23436,
                    54.60613
                ]
            }
        },
        {
            "type": "Feature",
            "properties": {
                "country": "Poland",
                "location": "Ustka"
            },
            "geometry": {
                "type": "Point",
                "coordinates": [
                    16.86023,
                    54.58185
                ]
            }
        },
        {
            "type": "Feature",
            "properties": {
                "country": "Poland",
                "location": "Rumia"
            },
            "geometry": {
                "type": "Point",
                "coordinates": [
                    18.38865,
                    54.57405
                ]
            }
        },
        {
            "type": "Feature",
            "properties": {
                "country": "Poland",
                "location": "Luzino"
            },
            "geometry": {
                "type": "Point",
                "coordinates": [
                    18.10377,
                    54.5662
                ]
            }
        },
        {
            "type": "Feature",
            "properties": {
                "country": "Poland",
                "location": "Lębork"
            },
            "geometry": {
                "type": "Point",
                "coordinates": [
                    17.75909,
                    54.53807
                ]
            }
        },
        {
            "type": "Feature",
            "properties": {
                "country": "Poland",
                "location": "Gdynia"
            },
            "geometry": {
                "type": "Point",
                "coordinates": [
                    18.53382,
                    54.52634
                ]
            }
        },
        {
            "type": "Feature",
            "properties": {
                "country": "Poland",
                "location": "Bojano"
            },
            "geometry": {
                "type": "Point",
                "coordinates": [
                    18.36618,
                    54.48145
                ]
            }
        },
        {
            "type": "Feature",
            "properties": {
                "country": "Poland",
                "location": "Słupsk"
            },
            "geometry": {
                "type": "Point",
                "coordinates": [
                    17.02875,
                    54.46726
                ]
            }
        },
        {
            "type": "Feature",
            "properties": {
                "country": "Poland",
                "location": "Zakrzewo"
            },
            "geometry": {
                "type": "Point",
                "coordinates": [
                    17.86974,
                    54.45959
                ]
            }
        },
        {
            "type": "Feature",
            "properties": {
                "country": "Poland",
                "location": "Sopot"
            },
            "geometry": {
                "type": "Point",
                "coordinates": [
                    18.56258,
                    54.44321
                ]
            }
        },
        {
            "type": "Feature",
            "properties": {
                "country": "Poland",
                "location": "Nowa Karczma"
            },
            "geometry": {
                "type": "Point",
                "coordinates": [
                    19.60148,
                    54.43072
                ]
            }
        },
        {
            "type": "Feature",
            "properties": {
                "country": "Poland",
                "location": "Hopy"
            },
            "geometry": {
                "type": "Point",
                "coordinates": [
                    18.22528,
                    54.39722
                ]
            }
        },
        {
            "type": "Feature",
            "properties": {
                "country": "Poland",
                "location": "Krynica Morska"
            },
            "geometry": {
                "type": "Point",
                "coordinates": [
                    19.44433,
                    54.3804
                ]
            }
        },
        {
            "type": "Feature",
            "properties": {
                "country": "Poland",
                "location": "Frombork"
            },
            "geometry": {
                "type": "Point",
                "coordinates": [
                    19.68067,
                    54.35823
                ]
            }
        },
        {
            "type": "Feature",
            "properties": {
                "country": "Poland",
                "location": "Gdańsk"
            },
            "geometry": {
                "type": "Point",
                "coordinates": [
                    18.64611,
                    54.35607
                ]
            }
        },
        {
            "type": "Feature",
            "properties": {
                "country": "Poland",
                "location": "Żukowo"
            },
            "geometry": {
                "type": "Point",
                "coordinates": [
                    18.36356,
                    54.3449
                ]
            }
        },
        {
            "type": "Feature",
            "properties": {
                "country": "Poland",
                "location": "Kąty Rybackie"
            },
            "geometry": {
                "type": "Point",
                "coordinates": [
                    19.22992,
                    54.3401
                ]
            }
        },
        {
            "type": "Feature",
            "properties": {
                "country": "Poland",
                "location": "Jantar"
            },
            "geometry": {
                "type": "Point",
                "coordinates": [
                    19.03326,
                    54.33607
                ]
            }
        },
        {
            "type": "Feature",
            "properties": {
                "country": "Poland",
                "location": "Kartuzy"
            },
            "geometry": {
                "type": "Point",
                "coordinates": [
                    18.19749,
                    54.33367
                ]
            }
        },
        {
            "type": "Feature",
            "properties": {
                "country": "Poland",
                "location": "Mikoszewo"
            },
            "geometry": {
                "type": "Point",
                "coordinates": [
                    18.96725,
                    54.33336
                ]
            }
        },
        {
            "type": "Feature",
            "properties": {
                "country": "Poland",
                "location": "Sztutowo"
            },
            "geometry": {
                "type": "Point",
                "coordinates": [
                    19.16633,
                    54.32775
                ]
            }
        },
        {
            "type": "Feature",
            "properties": {
                "country": "Poland",
                "location": "Stegna"
            },
            "geometry": {
                "type": "Point",
                "coordinates": [
                    19.11241,
                    54.32695
                ]
            }
        },
        {
            "type": "Feature",
            "properties": {
                "country": "Poland",
                "location": "Łapino Kartuskie"
            },
            "geometry": {
                "type": "Point",
                "coordinates": [
                    18.42173,
                    54.28018
                ]
            }
        },
        {
            "type": "Feature",
            "properties": {
                "country": "Poland",
                "location": "Somonino"
            },
            "geometry": {
                "type": "Point",
                "coordinates": [
                    18.19885,
                    54.2755
                ]
            }
        },
        {
            "type": "Feature",
            "properties": {
                "country": "Poland",
                "location": "Brodnica Górna"
            },
            "geometry": {
                "type": "Point",
                "coordinates": [
                    18.08276,
                    54.27047
                ]
            }
        },
        {
            "type": "Feature",
            "properties": {
                "country": "Poland",
                "location": "Gdańska Głowa"
            },
            "geometry": {
                "type": "Point",
                "coordinates": [
                    18.95151,
                    54.26691
                ]
            }
        },
        {
            "type": "Feature",
            "properties": {
                "country": "Poland",
                "location": "Brodnica Dolna"
            },
            "geometry": {
                "type": "Point",
                "coordinates": [
                    18.0991,
                    54.26236
                ]
            }
        },
        {
            "type": "Feature",
            "properties": {
                "country": "Poland",
                "location": "Pruszcz Gdański"
            },
            "geometry": {
                "type": "Point",
                "coordinates": [
                    18.63414,
                    54.25538
                ]
            }
        },
        {
            "type": "Feature",
            "properties": {
                "country": "Poland",
                "location": "Zgorzałe"
            },
            "geometry": {
                "type": "Point",
                "coordinates": [
                    17.98618,
                    54.23733
                ]
            }
        },
        {
            "type": "Feature",
            "properties": {
                "country": "Poland",
                "location": "Wieżyca"
            },
            "geometry": {
                "type": "Point",
                "coordinates": [
                    18.13131,
                    54.23487
                ]
            }
        },
        {
            "type": "Feature",
            "properties": {
                "country": "Poland",
                "location": "Sulęczyno"
            },
            "geometry": {
                "type": "Point",
                "coordinates": [
                    17.76694,
                    54.23418
                ]
            }
        },
        {
            "type": "Feature",
            "properties": {
                "country": "Poland",
                "location": "Nowy Dwór Gdański"
            },
            "geometry": {
                "type": "Point",
                "coordinates": [
                    19.1123,
                    54.21752
                ]
            }
        },
        {
            "type": "Feature",
            "properties": {
                "country": "Poland",
                "location": "Gołubie"
            },
            "geometry": {
                "type": "Point",
                "coordinates": [
                    18.03844,
                    54.21329
                ]
            }
        },
        {
            "type": "Feature",
            "properties": {
                "country": "Poland",
                "location": "Trzebielino (Pokrzywna)"
            },
            "geometry": {
                "type": "Point",
                "coordinates": [
                    17.08739,
                    54.2087
                ]
            }
        },
        {
            "type": "Feature",
            "properties": {
                "country": "Poland",
                "location": "Stężyca"
            },
            "geometry": {
                "type": "Point",
                "coordinates": [
                    17.95103,
                    54.20726
                ]
            }
        },
        {
            "type": "Feature",
            "properties": {
                "country": "Poland",
                "location": "Koszalin"
            },
            "geometry": {
                "type": "Point",
                "coordinates": [
                    16.1824,
                    54.1905
                ]
            }
        },
        {
            "type": "Feature",
            "properties": {
                "country": "Poland",
                "location": "Kawka (Wieprza)"
            },
            "geometry": {
                "type": "Point",
                "coordinates": [
                    16.89289,
                    54.19021
                ]
            }
        },
        {
            "type": "Feature",
            "properties": {
                "country": "Poland",
                "location": "Elbląg"
            },
            "geometry": {
                "type": "Point",
                "coordinates": [
                    19.40323,
                    54.158
                ]
            }
        },
        {
            "type": "Feature",
            "properties": {
                "country": "Poland",
                "location": "Suwałki"
            },
            "geometry": {
                "type": "Point",
                "coordinates": [
                    22.93078,
                    54.11152
                ]
            }
        },
        {
            "type": "Feature",
            "properties": {
                "country": "Poland",
                "location": "Tczew"
            },
            "geometry": {
                "type": "Point",
                "coordinates": [
                    18.77708,
                    54.09187
                ]
            }
        },
        {
            "type": "Feature",
            "properties": {
                "country": "Poland",
                "location": "Grzybowo"
            },
            "geometry": {
                "type": "Point",
                "coordinates": [
                    17.90059,
                    54.07633
                ]
            }
        },
        {
            "type": "Feature",
            "properties": {
                "country": "Poland",
                "location": "Wigry"
            },
            "geometry": {
                "type": "Point",
                "coordinates": [
                    23.08622,
                    54.06936
                ]
            }
        },
        {
            "type": "Feature",
            "properties": {
                "country": "Poland",
                "location": "Maćkowa Ruda"
            },
            "geometry": {
                "type": "Point",
                "coordinates": [
                    23.17655,
                    54.05454
                ]
            }
        },
        {
            "type": "Feature",
            "properties": {
                "country": "Poland",
                "location": "Wąglikowice"
            },
            "geometry": {
                "type": "Point",
                "coordinates": [
                    17.91691,
                    54.04636
                ]
            }
        },
        {
            "type": "Feature",
            "properties": {
                "country": "Poland",
                "location": "Malbork"
            },
            "geometry": {
                "type": "Point",
                "coordinates": [
                    19.04857,
                    54.03509
                ]
            }
        },
        {
            "type": "Feature",
            "properties": {
                "country": "Poland",
                "location": "Giżycko"
            },
            "geometry": {
                "type": "Point",
                "coordinates": [
                    21.77124,
                    54.03495
                ]
            }
        },
        {
            "type": "Feature",
            "properties": {
                "country": "Poland",
                "location": "Raczki"
            },
            "geometry": {
                "type": "Point",
                "coordinates": [
                    22.78291,
                    53.98887
                ]
            }
        },
        {
            "type": "Feature",
            "properties": {
                "country": "Poland",
                "location": "Dowspuda"
            },
            "geometry": {
                "type": "Point",
                "coordinates": [
                    22.80319,
                    53.97917
                ]
            }
        },
        {
            "type": "Feature",
            "properties": {
                "country": "Poland",
                "location": "Ateny"
            },
            "geometry": {
                "type": "Point",
                "coordinates": [
                    23.04447,
                    53.96583
                ]
            }
        },
        {
            "type": "Feature",
            "properties": {
                "country": "Poland",
                "location": "Starogard Gdański"
            },
            "geometry": {
                "type": "Point",
                "coordinates": [
                    18.5165,
                    53.96553
                ]
            }
        },
        {
            "type": "Feature",
            "properties": {
                "country": "Poland",
                "location": "Płaska"
            },
            "geometry": {
                "type": "Point",
                "coordinates": [
                    23.25062,
                    53.90271
                ]
            }
        },
        {
            "type": "Feature",
            "properties": {
                "country": "Poland",
                "location": "Kręgi Kamienne"
            },
            "geometry": {
                "type": "Point",
                "coordinates": [
                    17.99382,
                    53.89842
                ]
            }
        },
        {
            "type": "Feature",
            "properties": {
                "country": "Poland",
                "location": "Rygol"
            },
            "geometry": {
                "type": "Point",
                "coordinates": [
                    23.41605,
                    53.89371
                ]
            }
        },
        {
            "type": "Feature",
            "properties": {
                "country": "Poland",
                "location": "Czarna Woda"
            },
            "geometry": {
                "type": "Point",
                "coordinates": [
                    18.09939,
                    53.84567
                ]
            }
        },
        {
            "type": "Feature",
            "properties": {
                "country": "Poland",
                "location": "Sorkwity"
            },
            "geometry": {
                "type": "Point",
                "coordinates": [
                    21.14287,
                    53.84463
                ]
            }
        },
        {
            "type": "Feature",
            "properties": {
                "country": "Poland",
                "location": "Augustów"
            },
            "geometry": {
                "type": "Point",
                "coordinates": [
                    22.98308,
                    53.84407
                ]
            }
        },
        {
            "type": "Feature",
            "properties": {
                "country": "Poland",
                "location": "Męcikał"
            },
            "geometry": {
                "type": "Point",
                "coordinates": [
                    17.66648,
                    53.82012
                ]
            }
        },
        {
            "type": "Feature",
            "properties": {
                "country": "Poland",
                "location": "Mikołajki"
            },
            "geometry": {
                "type": "Point",
                "coordinates": [
                    21.57629,
                    53.80541
                ]
            }
        },
        {
            "type": "Feature",
            "properties": {
                "country": "Poland",
                "location": "Tarda"
            },
            "geometry": {
                "type": "Point",
                "coordinates": [
                    19.87908,
                    53.79937
                ]
            }
        },
        {
            "type": "Feature",
            "properties": {
                "country": "Poland",
                "location": "Świdwin"
            },
            "geometry": {
                "type": "Point",
                "coordinates": [
                    15.77327,
                    53.78085
                ]
            }
        },
        {
            "type": "Feature",
            "properties": {
                "country": "Poland",
                "location": "Olsztyn"
            },
            "geometry": {
                "type": "Point",
                "coordinates": [
                    20.46911,
                    53.77613
                ]
            }
        },
        {
            "type": "Feature",
            "properties": {
                "country": "Poland",
                "location": "Miłomłyn"
            },
            "geometry": {
                "type": "Point",
                "coordinates": [
                    19.83765,
                    53.76795
                ]
            }
        },
        {
            "type": "Feature",
            "properties": {
                "country": "Poland",
                "location": "Karszanek"
            },
            "geometry": {
                "type": "Point",
                "coordinates": [
                    18.47526,
                    53.75401
                ]
            }
        },
        {
            "type": "Feature",
            "properties": {
                "country": "Poland",
                "location": "Rytel"
            },
            "geometry": {
                "type": "Point",
                "coordinates": [
                    17.77243,
                    53.75364
                ]
            }
        },
        {
            "type": "Feature",
            "properties": {
                "country": "Poland",
                "location": "Charzykowy"
            },
            "geometry": {
                "type": "Point",
                "coordinates": [
                    17.50969,
                    53.73664
                ]
            }
        },
        {
            "type": "Feature",
            "properties": {
                "country": "Poland",
                "location": "Susz"
            },
            "geometry": {
                "type": "Point",
                "coordinates": [
                    19.33317,
                    53.71688
                ]
            }
        },
        {
            "type": "Feature",
            "properties": {
                "country": "Poland",
                "location": "Chojnice"
            },
            "geometry": {
                "type": "Point",
                "coordinates": [
                    17.55749,
                    53.69601
                ]
            }
        },
        {
            "type": "Feature",
            "properties": {
                "country": "Poland",
                "location": "Krutyń"
            },
            "geometry": {
                "type": "Point",
                "coordinates": [
                    21.43045,
                    53.68699
                ]
            }
        },
        {
            "type": "Feature",
            "properties": {
                "country": "Poland",
                "location": "Zgon"
            },
            "geometry": {
                "type": "Point",
                "coordinates": [
                    21.38547,
                    53.64966
                ]
            }
        },
        {
            "type": "Feature",
            "properties": {
                "country": "Poland",
                "location": "Ruciane-Nida"
            },
            "geometry": {
                "type": "Point",
                "coordinates": [
                    21.53809,
                    53.64267
                ]
            }
        },
        {
            "type": "Feature",
            "properties": {
                "country": "Poland",
                "location": "Spychowo"
            },
            "geometry": {
                "type": "Point",
                "coordinates": [
                    21.34566,
                    53.60173
                ]
            }
        },
        {
            "type": "Feature",
            "properties": {
                "country": "Poland",
                "location": "Tuchola"
            },
            "geometry": {
                "type": "Point",
                "coordinates": [
                    17.86157,
                    53.58773
                ]
            }
        },
        {
            "type": "Feature",
            "properties": {
                "country": "Poland",
                "location": "Borne Sulinowo"
            },
            "geometry": {
                "type": "Point",
                "coordinates": [
                    16.53557,
                    53.57718
                ]
            }
        },
        {
            "type": "Feature",
            "properties": {
                "country": "Poland",
                "location": "Szczytno"
            },
            "geometry": {
                "type": "Point",
                "coordinates": [
                    20.9953,
                    53.5606
                ]
            }
        },
        {
            "type": "Feature",
            "properties": {
                "country": "Poland",
                "location": "Grudziądz"
            },
            "geometry": {
                "type": "Point",
                "coordinates": [
                    18.75006,
                    53.48591
                ]
            }
        },
        {
            "type": "Feature",
            "properties": {
                "country": "Poland",
                "location": "Szczecin"
            },
            "geometry": {
                "type": "Point",
                "coordinates": [
                    14.55378,
                    53.42898
                ]
            }
        },
        {
            "type": "Feature",
            "properties": {
                "country": "Poland",
                "location": "Sokole-Kuźnica"
            },
            "geometry": {
                "type": "Point",
                "coordinates": [
                    17.93784,
                    53.41665
                ]
            }
        },
        {
            "type": "Feature",
            "properties": {
                "country": "Poland",
                "location": "Szwecja"
            },
            "geometry": {
                "type": "Point",
                "coordinates": [
                    16.57284,
                    53.34782
                ]
            }
        },
        {
            "type": "Feature",
            "properties": {
                "country": "Poland",
                "location": "Koronowo"
            },
            "geometry": {
                "type": "Point",
                "coordinates": [
                    17.93754,
                    53.31406
                ]
            }
        },
        {
            "type": "Feature",
            "properties": {
                "country": "Poland",
                "location": "Bydgoszcz"
            },
            "geometry": {
                "type": "Point",
                "coordinates": [
                    17.99297,
                    53.12113
                ]
            }
        },
        {
            "type": "Feature",
            "properties": {
                "country": "Poland",
                "location": "Toruń"
            },
            "geometry": {
                "type": "Point",
                "coordinates": [
                    18.6057,
                    53.01533
                ]
            }
        },
        {
            "type": "Feature",
            "properties": {
                "country": "Poland",
                "location": "Bielsk Podlaski"
            },
            "geometry": {
                "type": "Point",
                "coordinates": [
                    23.18227,
                    52.75227
                ]
            }
        },
        {
            "type": "Feature",
            "properties": {
                "country": "Poland",
                "location": "Pułtusk"
            },
            "geometry": {
                "type": "Point",
                "coordinates": [
                    21.08483,
                    52.70866
                ]
            }
        },
        {
            "type": "Feature",
            "properties": {
                "country": "Poland",
                "location": "Płocochowo"
            },
            "geometry": {
                "type": "Point",
                "coordinates": [
                    21.0352,
                    52.6786
                ]
            }
        },
        {
            "type": "Feature",
            "properties": {
                "country": "Poland",
                "location": "Włocławek"
            },
            "geometry": {
                "type": "Point",
                "coordinates": [
                    19.06639,
                    52.65561
                ]
            }
        },
        {
            "type": "Feature",
            "properties": {
                "country": "Poland",
                "location": "Dołubowo"
            },
            "geometry": {
                "type": "Point",
                "coordinates": [
                    22.8758,
                    52.60953
                ]
            }
        },
        {
            "type": "Feature",
            "properties": {
                "country": "Poland",
                "location": "Kalejczyce"
            },
            "geometry": {
                "type": "Point",
                "coordinates": [
                    23.14404,
                    52.59568
                ]
            }
        },
        {
            "type": "Feature",
            "properties": {
                "country": "Poland",
                "location": "Gniezno"
            },
            "geometry": {
                "type": "Point",
                "coordinates": [
                    17.59779,
                    52.5337
                ]
            }
        },
        {
            "type": "Feature",
            "properties": {
                "country": "Poland",
                "location": "Kaliska"
            },
            "geometry": {
                "type": "Point",
                "coordinates": [
                    19.12083,
                    52.40722
                ]
            }
        },
        {
            "type": "Feature",
            "properties": {
                "country": "Poland",
                "location": "Poznań"
            },
            "geometry": {
                "type": "Point",
                "coordinates": [
                    16.92755,
                    52.40019
                ]
            }
        },
        {
            "type": "Feature",
            "properties": {
                "country": "Poland",
                "location": "Rzepin"
            },
            "geometry": {
                "type": "Point",
                "coordinates": [
                    14.81806,
                    52.34992
                ]
            }
        },
        {
            "type": "Feature",
            "properties": {
                "country": "Poland",
                "location": "Warszawa"
            },
            "geometry": {
                "type": "Point",
                "coordinates": [
                    21.00625,
                    52.22875
                ]
            }
        },
        {
            "type": "Feature",
            "properties": {
                "country": "Poland",
                "location": "Łódź"
            },
            "geometry": {
                "type": "Point",
                "coordinates": [
                    19.46885,
                    51.76427
                ]
            }
        },
        {
            "type": "Feature",
            "properties": {
                "country": "Poland",
                "location": "Białobrzegi"
            },
            "geometry": {
                "type": "Point",
                "coordinates": [
                    20.9529,
                    51.64674
                ]
            }
        },
        {
            "type": "Feature",
            "properties": {
                "country": "Poland",
                "location": "Stromiec"
            },
            "geometry": {
                "type": "Point",
                "coordinates": [
                    21.09226,
                    51.64673
                ]
            }
        },
        {
            "type": "Feature",
            "properties": {
                "country": "Poland",
                "location": "Szczyty"
            },
            "geometry": {
                "type": "Point",
                "coordinates": [
                    21.00818,
                    51.64407
                ]
            }
        },
        {
            "type": "Feature",
            "properties": {
                "country": "Poland",
                "location": "Wrocław"
            },
            "geometry": {
                "type": "Point",
                "coordinates": [
                    17.02691,
                    51.10825
                ]
            }
        },
        {
            "type": "Feature",
            "properties": {
                "country": "Poland",
                "location": "Czestochowa"
            },
            "geometry": {
                "type": "Point",
                "coordinates": [
                    19.10208,
                    50.81843
                ]
            }
        },
        {
            "type": "Feature",
            "properties": {
                "country": "Poland",
                "location": "Opatów"
            },
            "geometry": {
                "type": "Point",
                "coordinates": [
                    21.42479,
                    50.80251
                ]
            }
        },
        {
            "type": "Feature",
            "properties": {
                "country": "Poland",
                "location": "Baćkowice"
            },
            "geometry": {
                "type": "Point",
                "coordinates": [
                    21.22835,
                    50.79542
                ]
            }
        },
        {
            "type": "Feature",
            "properties": {
                "country": "Poland",
                "location": "Ujazd"
            },
            "geometry": {
                "type": "Point",
                "coordinates": [
                    21.31145,
                    50.71395
                ]
            }
        },
        {
            "type": "Feature",
            "properties": {
                "country": "Poland",
                "location": "Sandomierz"
            },
            "geometry": {
                "type": "Point",
                "coordinates": [
                    21.74982,
                    50.67897
                ]
            }
        },
        {
            "type": "Feature",
            "properties": {
                "country": "Poland",
                "location": "Opole"
            },
            "geometry": {
                "type": "Point",
                "coordinates": [
                    17.92851,
                    50.66771
                ]
            }
        },
        {
            "type": "Feature",
            "properties": {
                "country": "Poland",
                "location": "Kłodzko"
            },
            "geometry": {
                "type": "Point",
                "coordinates": [
                    16.65337,
                    50.43453
                ]
            }
        },
        {
            "type": "Feature",
            "properties": {
                "country": "Poland",
                "location": "Duszniki-Zdrój"
            },
            "geometry": {
                "type": "Point",
                "coordinates": [
                    16.38752,
                    50.4071
                ]
            }
        },
        {
            "type": "Feature",
            "properties": {
                "country": "Poland",
                "location": "Kraków"
            },
            "geometry": {
                "type": "Point",
                "coordinates": [
                    19.9324,
                    50.06046
                ]
            }
        },
        {
            "type": "Feature",
            "properties": {
                "country": "Poland",
                "location": "Bielsko-Biała"
            },
            "geometry": {
                "type": "Point",
                "coordinates": [
                    19.05504,
                    49.82536
                ]
            }
        },
        {
            "type": "Feature",
            "properties": {
                "country": "Poland",
                "location": "Dębowiec"
            },
            "geometry": {
                "type": "Point",
                "coordinates": [
                    18.72062,
                    49.81406
                ]
            }
        },
        {
            "type": "Feature",
            "properties": {
                "country": "Poland",
                "location": "Skoczów"
            },
            "geometry": {
                "type": "Point",
                "coordinates": [
                    18.7883,
                    49.80266
                ]
            }
        },
        {
            "type": "Feature",
            "properties": {
                "country": "Poland",
                "location": "Cieszyn"
            },
            "geometry": {
                "type": "Point",
                "coordinates": [
                    18.63626,
                    49.75082
                ]
            }
        },
        {
            "type": "Feature",
            "properties": {
                "country": "Poland",
                "location": "Sucha Beskidzka"
            },
            "geometry": {
                "type": "Point",
                "coordinates": [
                    19.60454,
                    49.7424
                ]
            }
        },
        {
            "type": "Feature",
            "properties": {
                "country": "Poland",
                "location": "Ustroń"
            },
            "geometry": {
                "type": "Point",
                "coordinates": [
                    18.8176,
                    49.71943
                ]
            }
        },
        {
            "type": "Feature",
            "properties": {
                "country": "Poland",
                "location": "Szczyrk"
            },
            "geometry": {
                "type": "Point",
                "coordinates": [
                    19.02335,
                    49.71488
                ]
            }
        },
        {
            "type": "Feature",
            "properties": {
                "country": "Poland",
                "location": "Żywiec"
            },
            "geometry": {
                "type": "Point",
                "coordinates": [
                    19.20471,
                    49.69108
                ]
            }
        },
        {
            "type": "Feature",
            "properties": {
                "country": "Poland",
                "location": "Skrzyczne"
            },
            "geometry": {
                "type": "Point",
                "coordinates": [
                    19.03024,
                    49.68454
                ]
            }
        },
        {
            "type": "Feature",
            "properties": {
                "country": "Poland",
                "location": "Trzy Kopce Wiślańskie"
            },
            "geometry": {
                "type": "Point",
                "coordinates": [
                    18.90584,
                    49.66424
                ]
            }
        },
        {
            "type": "Feature",
            "properties": {
                "country": "Poland",
                "location": "Gorlice"
            },
            "geometry": {
                "type": "Point",
                "coordinates": [
                    21.15975,
                    49.65919
                ]
            }
        },
        {
            "type": "Feature",
            "properties": {
                "country": "Poland",
                "location": "Wisła"
            },
            "geometry": {
                "type": "Point",
                "coordinates": [
                    18.86774,
                    49.64732
                ]
            }
        },
        {
            "type": "Feature",
            "properties": {
                "country": "Poland",
                "location": "Raba Wyżna"
            },
            "geometry": {
                "type": "Point",
                "coordinates": [
                    19.88518,
                    49.57085
                ]
            }
        },
        {
            "type": "Feature",
            "properties": {
                "country": "Poland",
                "location": "Gładyszów"
            },
            "geometry": {
                "type": "Point",
                "coordinates": [
                    21.06644,
                    49.46671
                ]
            }
        },
        {
            "type": "Feature",
            "properties": {
                "country": "Poland",
                "location": "Krynica-Zdrój"
            },
            "geometry": {
                "type": "Point",
                "coordinates": [
                    20.9598,
                    49.42058
                ]
            }
        },
        {
            "type": "Feature",
            "properties": {
                "country": "Poland",
                "location": "Pieniński Park Narodowy"
            },
            "geometry": {
                "type": "Point",
                "coordinates": [
                    20.41473,
                    49.41489
                ]
            }
        },
        {
            "type": "Feature",
            "properties": {
                "country": "Poland",
                "location": "Niedzica"
            },
            "geometry": {
                "type": "Point",
                "coordinates": [
                    20.30207,
                    49.40969
                ]
            }
        },
        {
            "type": "Feature",
            "properties": {
                "country": "Poland",
                "location": "Polańczyk"
            },
            "geometry": {
                "type": "Point",
                "coordinates": [
                    22.42112,
                    49.36969
                ]
            }
        },
        {
            "type": "Feature",
            "properties": {
                "country": "Poland",
                "location": "Bukowina Tatrzańska"
            },
            "geometry": {
                "type": "Point",
                "coordinates": [
                    20.09713,
                    49.33266
                ]
            }
        },
        {
            "type": "Feature",
            "properties": {
                "country": "Poland",
                "location": "Zakopane"
            },
            "geometry": {
                "type": "Point",
                "coordinates": [
                    19.95312,
                    49.29524
                ]
            }
        },
        {
            "type": "Feature",
            "properties": {
                "country": "Poland",
                "location": "Czerwone Wierchy"
            },
            "geometry": {
                "type": "Point",
                "coordinates": [
                    19.93219,
                    49.2365
                ]
            }
        },
        {
            "type": "Feature",
            "properties": {
                "country": "Poland",
                "location": "Czarny Staw"
            },
            "geometry": {
                "type": "Point",
                "coordinates": [
                    20.07381,
                    49.19037
                ]
            }
        },
        {
            "type": "Feature",
            "properties": {
                "country": "Portugal",
                "location": "Ribeira Funda"
            },
            "geometry": {
                "type": "Point",
                "coordinates": [
                    -17.1331,
                    32.8301
                ]
            }
        },
        {
            "type": "Feature",
            "properties": {
                "country": "Portugal",
                "location": "Seixal"
            },
            "geometry": {
                "type": "Point",
                "coordinates": [
                    -17.10706,
                    32.82485
                ]
            }
        },
        {
            "type": "Feature",
            "properties": {
                "country": "Portugal",
                "location": "Fanal"
            },
            "geometry": {
                "type": "Point",
                "coordinates": [
                    -17.14458,
                    32.81181
                ]
            }
        },
        {
            "type": "Feature",
            "properties": {
                "country": "Portugal",
                "location": "Risco Waterfall"
            },
            "geometry": {
                "type": "Point",
                "coordinates": [
                    -17.12237,
                    32.75993
                ]
            }
        },
        {
            "type": "Feature",
            "properties": {
                "country": "Portugal",
                "location": "Pico Ruivo"
            },
            "geometry": {
                "type": "Point",
                "coordinates": [
                    -16.94303,
                    32.75894
                ]
            }
        },
        {
            "type": "Feature",
            "properties": {
                "country": "Portugal",
                "location": "Encumeada"
            },
            "geometry": {
                "type": "Point",
                "coordinates": [
                    -17.01886,
                    32.75438
                ]
            }
        },
        {
            "type": "Feature",
            "properties": {
                "country": "Portugal",
                "location": "Ponta do Furado"
            },
            "geometry": {
                "type": "Point",
                "coordinates": [
                    -16.68098,
                    32.73899
                ]
            }
        },
        {
            "type": "Feature",
            "properties": {
                "country": "Portugal",
                "location": "Caniçal"
            },
            "geometry": {
                "type": "Point",
                "coordinates": [
                    -16.73741,
                    32.73722
                ]
            }
        },
        {
            "type": "Feature",
            "properties": {
                "country": "Portugal",
                "location": "Pico do Arieiro"
            },
            "geometry": {
                "type": "Point",
                "coordinates": [
                    -16.92884,
                    32.7355
                ]
            }
        },
        {
            "type": "Feature",
            "properties": {
                "country": "Portugal",
                "location": "Machico"
            },
            "geometry": {
                "type": "Point",
                "coordinates": [
                    -16.76421,
                    32.71808
                ]
            }
        },
        {
            "type": "Feature",
            "properties": {
                "country": "Portugal",
                "location": "Santa Cruz"
            },
            "geometry": {
                "type": "Point",
                "coordinates": [
                    -16.79165,
                    32.68802
                ]
            }
        },
        {
            "type": "Feature",
            "properties": {
                "country": "Portugal",
                "location": "Ribeira Brava"
            },
            "geometry": {
                "type": "Point",
                "coordinates": [
                    -17.06587,
                    32.67071
                ]
            }
        },
        {
            "type": "Feature",
            "properties": {
                "country": "Portugal",
                "location": "Câmara de Lobos"
            },
            "geometry": {
                "type": "Point",
                "coordinates": [
                    -16.97549,
                    32.64802
                ]
            }
        },
        {
            "type": "Feature",
            "properties": {
                "country": "Portugal",
                "location": "Funchal"
            },
            "geometry": {
                "type": "Point",
                "coordinates": [
                    -16.90581,
                    32.6479
                ]
            }
        },
        {
            "type": "Feature",
            "properties": {
                "country": "Russia",
                "location": "St. Petersburg"
            },
            "geometry": {
                "type": "Point",
                "coordinates": [
                    30.31711,
                    59.93803
                ]
            }
        },
        {
            "type": "Feature",
            "properties": {
                "country": "Russia",
                "location": "Kazan"
            },
            "geometry": {
                "type": "Point",
                "coordinates": [
                    49.10603,
                    55.79887
                ]
            }
        },
        {
            "type": "Feature",
            "properties": {
                "country": "Russia",
                "location": "Moscow"
            },
            "geometry": {
                "type": "Point",
                "coordinates": [
                    37.62244,
                    55.75187
                ]
            }
        },
        {
            "type": "Feature",
            "properties": {
                "country": "Russia",
                "location": "Novosibirsk"
            },
            "geometry": {
                "type": "Point",
                "coordinates": [
                    82.91021,
                    55.03977
                ]
            }
        },
        {
            "type": "Feature",
            "properties": {
                "country": "Russia",
                "location": "Khuzhir"
            },
            "geometry": {
                "type": "Point",
                "coordinates": [
                    107.33803,
                    53.19323
                ]
            }
        },
        {
            "type": "Feature",
            "properties": {
                "country": "Russia",
                "location": "Irkutsk"
            },
            "geometry": {
                "type": "Point",
                "coordinates": [
                    104.29639,
                    52.29778
                ]
            }
        },
        {
            "type": "Feature",
            "properties": {
                "country": "Russia",
                "location": "Listvyanka"
            },
            "geometry": {
                "type": "Point",
                "coordinates": [
                    104.87136,
                    51.84828
                ]
            }
        },
        {
            "type": "Feature",
            "properties": {
                "country": "Russia",
                "location": "Ulan-Ude"
            },
            "geometry": {
                "type": "Point",
                "coordinates": [
                    107.58678,
                    51.83414
                ]
            }
        },
        {
            "type": "Feature",
            "properties": {
                "country": "Russia",
                "location": "Naushki"
            },
            "geometry": {
                "type": "Point",
                "coordinates": [
                    106.1045,
                    50.3885
                ]
            }
        },
        {
            "type": "Feature",
            "properties": {
                "country": "Russia",
                "location": "Kyakhta"
            },
            "geometry": {
                "type": "Point",
                "coordinates": [
                    106.45237,
                    50.35925
                ]
            }
        },
        {
            "type": "Feature",
            "properties": {
                "country": "San Marino",
                "location": "City of San Marino"
            },
            "geometry": {
                "type": "Point",
                "coordinates": [
                    12.45606,
                    43.93461
                ]
            }
        },
        {
            "type": "Feature",
            "properties": {
                "country": "Serbia",
                "location": "Becej"
            },
            "geometry": {
                "type": "Point",
                "coordinates": [
                    20.03632,
                    45.62257
                ]
            }
        },
        {
            "type": "Feature",
            "properties": {
                "country": "Serbia",
                "location": "Novi Sad"
            },
            "geometry": {
                "type": "Point",
                "coordinates": [
                    19.8416,
                    45.2569
                ]
            }
        },
        {
            "type": "Feature",
            "properties": {
                "country": "Serbia",
                "location": "Belgrade"
            },
            "geometry": {
                "type": "Point",
                "coordinates": [
                    20.46527,
                    44.79937
                ]
            }
        },
        {
            "type": "Feature",
            "properties": {
                "country": "Serbia",
                "location": "Uzice"
            },
            "geometry": {
                "type": "Point",
                "coordinates": [
                    19.84329,
                    43.85394
                ]
            }
        },
        {
            "type": "Feature",
            "properties": {
                "country": "Serbia",
                "location": "Nis"
            },
            "geometry": {
                "type": "Point",
                "coordinates": [
                    21.8922,
                    43.32038
                ]
            }
        },
        {
            "type": "Feature",
            "properties": {
                "country": "Singapore",
                "location": "Singapore"
            },
            "geometry": {
                "type": "Point",
                "coordinates": [
                    103.85111,
                    1.2858
                ]
            }
        },
        {
            "type": "Feature",
            "properties": {
                "country": "Slovakia",
                "location": "Cadca"
            },
            "geometry": {
                "type": "Point",
                "coordinates": [
                    18.78972,
                    49.4384
                ]
            }
        },
        {
            "type": "Feature",
            "properties": {
                "country": "Slovakia",
                "location": "Bardejov"
            },
            "geometry": {
                "type": "Point",
                "coordinates": [
                    21.27654,
                    49.29467
                ]
            }
        },
        {
            "type": "Feature",
            "properties": {
                "country": "Slovakia",
                "location": "Liptovsky Mikulas"
            },
            "geometry": {
                "type": "Point",
                "coordinates": [
                    19.62362,
                    49.08025
                ]
            }
        },
        {
            "type": "Feature",
            "properties": {
                "country": "Slovakia",
                "location": "Chopok"
            },
            "geometry": {
                "type": "Point",
                "coordinates": [
                    19.59011,
                    48.94353
                ]
            }
        },
        {
            "type": "Feature",
            "properties": {
                "country": "Slovakia",
                "location": "Trnava"
            },
            "geometry": {
                "type": "Point",
                "coordinates": [
                    17.58731,
                    48.37967
                ]
            }
        },
        {
            "type": "Feature",
            "properties": {
                "country": "Slovakia",
                "location": "Sturovo"
            },
            "geometry": {
                "type": "Point",
                "coordinates": [
                    18.72422,
                    47.79777
                ]
            }
        },
        {
            "type": "Feature",
            "properties": {
                "country": "Slovenia",
                "location": "Ljubljana"
            },
            "geometry": {
                "type": "Point",
                "coordinates": [
                    14.50866,
                    46.04913
                ]
            }
        },
        {
            "type": "Feature",
            "properties": {
                "country": "South Korea",
                "location": "Incheon"
            },
            "geometry": {
                "type": "Point",
                "coordinates": [
                    126.64029,
                    37.47809
                ]
            }
        },
        {
            "type": "Feature",
            "properties": {
                "country": "South Korea",
                "location": "Gyeongju"
            },
            "geometry": {
                "type": "Point",
                "coordinates": [
                    129.21255,
                    35.84246
                ]
            }
        },
        {
            "type": "Feature",
            "properties": {
                "country": "South Korea",
                "location": "Gimhae"
            },
            "geometry": {
                "type": "Point",
                "coordinates": [
                    128.88176,
                    35.23546
                ]
            }
        },
        {
            "type": "Feature",
            "properties": {
                "country": "South Korea",
                "location": "Changwon"
            },
            "geometry": {
                "type": "Point",
                "coordinates": [
                    128.66958,
                    35.21835
                ]
            }
        },
        {
            "type": "Feature",
            "properties": {
                "country": "South Korea",
                "location": "Jinhae"
            },
            "geometry": {
                "type": "Point",
                "coordinates": [
                    128.69818,
                    35.15223
                ]
            }
        },
        {
            "type": "Feature",
            "properties": {
                "country": "South Korea",
                "location": "Busan"
            },
            "geometry": {
                "type": "Point",
                "coordinates": [
                    129.03625,
                    35.11542
                ]
            }
        },
        {
            "type": "Feature",
            "properties": {
                "country": "South Korea",
                "location": "Tongyeong"
            },
            "geometry": {
                "type": "Point",
                "coordinates": [
                    128.4353,
                    34.85734
                ]
            }
        },
        {
            "type": "Feature",
            "properties": {
                "country": "Spain",
                "location": "Madrid"
            },
            "geometry": {
                "type": "Point",
                "coordinates": [
                    -3.70071,
                    40.41471
                ]
            }
        },
        {
            "type": "Feature",
            "properties": {
                "country": "Spain",
                "location": "Toledo"
            },
            "geometry": {
                "type": "Point",
                "coordinates": [
                    -4.02524,
                    39.86183
                ]
            }
        },
        {
            "type": "Feature",
            "properties": {
                "country": "Spain",
                "location": "Cordoba"
            },
            "geometry": {
                "type": "Point",
                "coordinates": [
                    -4.77907,
                    37.88069
                ]
            }
        },
        {
            "type": "Feature",
            "properties": {
                "country": "Spain",
                "location": "Seville"
            },
            "geometry": {
                "type": "Point",
                "coordinates": [
                    -5.98433,
                    37.38911
                ]
            }
        },
        {
            "type": "Feature",
            "properties": {
                "country": "Spain",
                "location": "Granada"
            },
            "geometry": {
                "type": "Point",
                "coordinates": [
                    -3.60581,
                    37.17614
                ]
            }
        },
        {
            "type": "Feature",
            "properties": {
                "country": "Spain",
                "location": "Malaga"
            },
            "geometry": {
                "type": "Point",
                "coordinates": [
                    -4.42278,
                    36.71847
                ]
            }
        },
        {
            "type": "Feature",
            "properties": {
                "country": "Spain",
                "location": "Marbella"
            },
            "geometry": {
                "type": "Point",
                "coordinates": [
                    -4.88189,
                    36.50884
                ]
            }
        },
        {
            "type": "Feature",
            "properties": {
                "country": "Spain",
                "location": "Estepona"
            },
            "geometry": {
                "type": "Point",
                "coordinates": [
                    -5.1432,
                    36.42767
                ]
            }
        },
        {
            "type": "Feature",
            "properties": {
                "country": "Spain",
                "location": "La Linea de la Concepcion"
            },
            "geometry": {
                "type": "Point",
                "coordinates": [
                    -5.34307,
                    36.16719
                ]
            }
        },
        {
            "type": "Feature",
            "properties": {
                "country": "Spain",
                "location": "Algeciras"
            },
            "geometry": {
                "type": "Point",
                "coordinates": [
                    -5.45331,
                    36.12881
                ]
            }
        },
        {
            "type": "Feature",
            "properties": {
                "country": "Spain",
                "location": "Tarifa"
            },
            "geometry": {
                "type": "Point",
                "coordinates": [
                    -5.60424,
                    36.01453
                ]
            }
        },
        {
            "type": "Feature",
            "properties": {
                "country": "Sri Lanka",
                "location": "Anuradhapura"
            },
            "geometry": {
                "type": "Point",
                "coordinates": [
                    80.40704,
                    8.32953
                ]
            }
        },
        {
            "type": "Feature",
            "properties": {
                "country": "Sri Lanka",
                "location": "Puttalam"
            },
            "geometry": {
                "type": "Point",
                "coordinates": [
                    79.83634,
                    8.02546
                ]
            }
        },
        {
            "type": "Feature",
            "properties": {
                "country": "Sri Lanka",
                "location": "Sigiriya"
            },
            "geometry": {
                "type": "Point",
                "coordinates": [
                    80.76025,
                    7.95735
                ]
            }
        },
        {
            "type": "Feature",
            "properties": {
                "country": "Sri Lanka",
                "location": "Polonnaruwa"
            },
            "geometry": {
                "type": "Point",
                "coordinates": [
                    81.00833,
                    7.93079
                ]
            }
        },
        {
            "type": "Feature",
            "properties": {
                "country": "Sri Lanka",
                "location": "Dambulla"
            },
            "geometry": {
                "type": "Point",
                "coordinates": [
                    80.65118,
                    7.8702
                ]
            }
        },
        {
            "type": "Feature",
            "properties": {
                "country": "Sri Lanka",
                "location": "Kandy"
            },
            "geometry": {
                "type": "Point",
                "coordinates": [
                    80.63852,
                    7.29355
                ]
            }
        },
        {
            "type": "Feature",
            "properties": {
                "country": "Sri Lanka",
                "location": "Negombo"
            },
            "geometry": {
                "type": "Point",
                "coordinates": [
                    79.83719,
                    7.21056
                ]
            }
        },
        {
            "type": "Feature",
            "properties": {
                "country": "Sri Lanka",
                "location": "Colombo"
            },
            "geometry": {
                "type": "Point",
                "coordinates": [
                    79.84793,
                    6.9348
                ]
            }
        },
        {
            "type": "Feature",
            "properties": {
                "country": "Sri Lanka",
                "location": "Galle"
            },
            "geometry": {
                "type": "Point",
                "coordinates": [
                    80.21621,
                    6.03435
                ]
            }
        },
        {
            "type": "Feature",
            "properties": {
                "country": "Sri Lanka",
                "location": "Unawatuna"
            },
            "geometry": {
                "type": "Point",
                "coordinates": [
                    80.24824,
                    6.02017
                ]
            }
        },
        {
            "type": "Feature",
            "properties": {
                "country": "Sweden",
                "location": "Stockholm"
            },
            "geometry": {
                "type": "Point",
                "coordinates": [
                    18.06151,
                    59.33014
                ]
            }
        },
        {
            "type": "Feature",
            "properties": {
                "country": "Sweden",
                "location": "Stromstad"
            },
            "geometry": {
                "type": "Point",
                "coordinates": [
                    11.1712,
                    58.93945
                ]
            }
        },
        {
            "type": "Feature",
            "properties": {
                "country": "Sweden",
                "location": "Tjarno"
            },
            "geometry": {
                "type": "Point",
                "coordinates": [
                    11.14618,
                    58.87576
                ]
            }
        },
        {
            "type": "Feature",
            "properties": {
                "country": "Sweden",
                "location": "Nykoping"
            },
            "geometry": {
                "type": "Point",
                "coordinates": [
                    17.00923,
                    58.75326
                ]
            }
        },
        {
            "type": "Feature",
            "properties": {
                "country": "Sweden",
                "location": "Gothenburg"
            },
            "geometry": {
                "type": "Point",
                "coordinates": [
                    11.97249,
                    57.70382
                ]
            }
        },
        {
            "type": "Feature",
            "properties": {
                "country": "Sweden",
                "location": "Byxelkrok"
            },
            "geometry": {
                "type": "Point",
                "coordinates": [
                    17.00825,
                    57.32478
                ]
            }
        },
        {
            "type": "Feature",
            "properties": {
                "country": "Sweden",
                "location": "Kopingsvik"
            },
            "geometry": {
                "type": "Point",
                "coordinates": [
                    16.72112,
                    56.88194
                ]
            }
        },
        {
            "type": "Feature",
            "properties": {
                "country": "Sweden",
                "location": "Borgholm"
            },
            "geometry": {
                "type": "Point",
                "coordinates": [
                    16.65774,
                    56.87927
                ]
            }
        },
        {
            "type": "Feature",
            "properties": {
                "country": "Sweden",
                "location": "Kalmar"
            },
            "geometry": {
                "type": "Point",
                "coordinates": [
                    16.36395,
                    56.66613
                ]
            }
        },
        {
            "type": "Feature",
            "properties": {
                "country": "Sweden",
                "location": "Farjestaden"
            },
            "geometry": {
                "type": "Point",
                "coordinates": [
                    16.46648,
                    56.65011
                ]
            }
        },
        {
            "type": "Feature",
            "properties": {
                "country": "Sweden",
                "location": "Lyckeby"
            },
            "geometry": {
                "type": "Point",
                "coordinates": [
                    15.65,
                    56.2
                ]
            }
        },
        {
            "type": "Feature",
            "properties": {
                "country": "Sweden",
                "location": "Lange Jan"
            },
            "geometry": {
                "type": "Point",
                "coordinates": [
                    16.39854,
                    56.19617
                ]
            }
        },
        {
            "type": "Feature",
            "properties": {
                "country": "Sweden",
                "location": "Karlskrona"
            },
            "geometry": {
                "type": "Point",
                "coordinates": [
                    15.58385,
                    56.16147
                ]
            }
        },
        {
            "type": "Feature",
            "properties": {
                "country": "Sweden",
                "location": "Malmo"
            },
            "geometry": {
                "type": "Point",
                "coordinates": [
                    12.99886,
                    55.5972
                ]
            }
        },
        {
            "type": "Feature",
            "properties": {
                "country": "Switzerland",
                "location": "Lucerne"
            },
            "geometry": {
                "type": "Point",
                "coordinates": [
                    8.30502,
                    47.04861
                ]
            }
        },
        {
            "type": "Feature",
            "properties": {
                "country": "Switzerland",
                "location": "Bern"
            },
            "geometry": {
                "type": "Point",
                "coordinates": [
                    7.44433,
                    46.94796
                ]
            }
        },
        {
            "type": "Feature",
            "properties": {
                "country": "Switzerland",
                "location": "Romainmotier"
            },
            "geometry": {
                "type": "Point",
                "coordinates": [
                    6.46058,
                    46.69356
                ]
            }
        },
        {
            "type": "Feature",
            "properties": {
                "country": "Switzerland",
                "location": "Lausanne"
            },
            "geometry": {
                "type": "Point",
                "coordinates": [
                    6.62917,
                    46.51613
                ]
            }
        },
        {
            "type": "Feature",
            "properties": {
                "country": "Switzerland",
                "location": "Geneva"
            },
            "geometry": {
                "type": "Point",
                "coordinates": [
                    6.14569,
                    46.20222
                ]
            }
        },
        {
            "type": "Feature",
            "properties": {
                "country": "Switzerland",
                "location": "Chiasso"
            },
            "geometry": {
                "type": "Point",
                "coordinates": [
                    9.03291,
                    45.83328
                ]
            }
        },
        {
            "type": "Feature",
            "properties": {
                "country": "Taiwan",
                "location": "Jiufen"
            },
            "geometry": {
                "type": "Point",
                "coordinates": [
                    121.84542,
                    25.10998
                ]
            }
        },
        {
            "type": "Feature",
            "properties": {
                "country": "Taiwan",
                "location": "Ruifang"
            },
            "geometry": {
                "type": "Point",
                "coordinates": [
                    121.80666,
                    25.10822
                ]
            }
        },
        {
            "type": "Feature",
            "properties": {
                "country": "Taiwan",
                "location": "Taipei"
            },
            "geometry": {
                "type": "Point",
                "coordinates": [
                    121.51789,
                    25.041
                ]
            }
        },
        {
            "type": "Feature",
            "properties": {
                "country": "Taiwan",
                "location": "Dali"
            },
            "geometry": {
                "type": "Point",
                "coordinates": [
                    121.92165,
                    24.96349
                ]
            }
        },
        {
            "type": "Feature",
            "properties": {
                "country": "Taiwan",
                "location": "Dongao"
            },
            "geometry": {
                "type": "Point",
                "coordinates": [
                    121.83219,
                    24.51941
                ]
            }
        },
        {
            "type": "Feature",
            "properties": {
                "country": "Taiwan",
                "location": "Gaomei"
            },
            "geometry": {
                "type": "Point",
                "coordinates": [
                    120.55005,
                    24.31196
                ]
            }
        },
        {
            "type": "Feature",
            "properties": {
                "country": "Taiwan",
                "location": "Tianxiang"
            },
            "geometry": {
                "type": "Point",
                "coordinates": [
                    121.49485,
                    24.18182
                ]
            }
        },
        {
            "type": "Feature",
            "properties": {
                "country": "Taiwan",
                "location": "Taroko National Park"
            },
            "geometry": {
                "type": "Point",
                "coordinates": [
                    121.62231,
                    24.15815
                ]
            }
        },
        {
            "type": "Feature",
            "properties": {
                "country": "Taiwan",
                "location": "Taichung"
            },
            "geometry": {
                "type": "Point",
                "coordinates": [
                    120.68394,
                    24.13852
                ]
            }
        },
        {
            "type": "Feature",
            "properties": {
                "country": "Taiwan",
                "location": "Hualien City"
            },
            "geometry": {
                "type": "Point",
                "coordinates": [
                    121.61036,
                    23.99468
                ]
            }
        },
        {
            "type": "Feature",
            "properties": {
                "country": "Taiwan",
                "location": "Sun Moon Lake"
            },
            "geometry": {
                "type": "Point",
                "coordinates": [
                    120.91831,
                    23.85827
                ]
            }
        },
        {
            "type": "Feature",
            "properties": {
                "country": "Taiwan",
                "location": "Shuili"
            },
            "geometry": {
                "type": "Point",
                "coordinates": [
                    120.85235,
                    23.80979
                ]
            }
        },
        {
            "type": "Feature",
            "properties": {
                "country": "Taiwan",
                "location": "Douliu"
            },
            "geometry": {
                "type": "Point",
                "coordinates": [
                    120.5619,
                    23.71271
                ]
            }
        },
        {
            "type": "Feature",
            "properties": {
                "country": "Taiwan",
                "location": "Xitou"
            },
            "geometry": {
                "type": "Point",
                "coordinates": [
                    120.79557,
                    23.6734
                ]
            }
        },
        {
            "type": "Feature",
            "properties": {
                "country": "Taiwan",
                "location": "Guangfu"
            },
            "geometry": {
                "type": "Point",
                "coordinates": [
                    121.42175,
                    23.66604
                ]
            }
        },
        {
            "type": "Feature",
            "properties": {
                "country": "Taiwan",
                "location": "Tainan"
            },
            "geometry": {
                "type": "Point",
                "coordinates": [
                    120.18496,
                    22.99122
                ]
            }
        },
        {
            "type": "Feature",
            "properties": {
                "country": "Taiwan",
                "location": "Taitung City"
            },
            "geometry": {
                "type": "Point",
                "coordinates": [
                    121.11376,
                    22.75815
                ]
            }
        },
        {
            "type": "Feature",
            "properties": {
                "country": "Taiwan",
                "location": "Kaohsiung"
            },
            "geometry": {
                "type": "Point",
                "coordinates": [
                    120.36621,
                    22.63742
                ]
            }
        },
        {
            "type": "Feature",
            "properties": {
                "country": "Taiwan",
                "location": "Fangliao"
            },
            "geometry": {
                "type": "Point",
                "coordinates": [
                    120.59495,
                    22.36799
                ]
            }
        },
        {
            "type": "Feature",
            "properties": {
                "country": "Thailand",
                "location": "Chiang Rai"
            },
            "geometry": {
                "type": "Point",
                "coordinates": [
                    99.84,
                    19.89657
                ]
            }
        },
        {
            "type": "Feature",
            "properties": {
                "country": "Thailand",
                "location": "Chiang Mai"
            },
            "geometry": {
                "type": "Point",
                "coordinates": [
                    98.99063,
                    18.78618
                ]
            }
        },
        {
            "type": "Feature",
            "properties": {
                "country": "Thailand",
                "location": "Lamphun"
            },
            "geometry": {
                "type": "Point",
                "coordinates": [
                    99.01025,
                    18.58558
                ]
            }
        },
        {
            "type": "Feature",
            "properties": {
                "country": "Thailand",
                "location": "Lampang"
            },
            "geometry": {
                "type": "Point",
                "coordinates": [
                    99.47059,
                    18.26949
                ]
            }
        },
        {
            "type": "Feature",
            "properties": {
                "country": "Thailand",
                "location": "Nong Khai"
            },
            "geometry": {
                "type": "Point",
                "coordinates": [
                    102.74007,
                    17.87556
                ]
            }
        },
        {
            "type": "Feature",
            "properties": {
                "country": "Thailand",
                "location": "Udon Thani"
            },
            "geometry": {
                "type": "Point",
                "coordinates": [
                    102.79232,
                    17.41144
                ]
            }
        },
        {
            "type": "Feature",
            "properties": {
                "country": "Thailand",
                "location": "Sukhothai Historical Park"
            },
            "geometry": {
                "type": "Point",
                "coordinates": [
                    99.70684,
                    17.01868
                ]
            }
        },
        {
            "type": "Feature",
            "properties": {
                "country": "Thailand",
                "location": "Sukhothai"
            },
            "geometry": {
                "type": "Point",
                "coordinates": [
                    99.8205,
                    17.01112
                ]
            }
        },
        {
            "type": "Feature",
            "properties": {
                "country": "Thailand",
                "location": "Phitsanulok"
            },
            "geometry": {
                "type": "Point",
                "coordinates": [
                    100.26613,
                    16.82123
                ]
            }
        },
        {
            "type": "Feature",
            "properties": {
                "country": "Thailand",
                "location": "Khon Kaen"
            },
            "geometry": {
                "type": "Point",
                "coordinates": [
                    102.83318,
                    16.43213
                ]
            }
        },
        {
            "type": "Feature",
            "properties": {
                "country": "Thailand",
                "location": "Ubon Ratchathani"
            },
            "geometry": {
                "type": "Point",
                "coordinates": [
                    104.86001,
                    15.22886
                ]
            }
        },
        {
            "type": "Feature",
            "properties": {
                "country": "Thailand",
                "location": "Sisaket"
            },
            "geometry": {
                "type": "Point",
                "coordinates": [
                    104.32166,
                    15.12
                ]
            }
        },
        {
            "type": "Feature",
            "properties": {
                "country": "Thailand",
                "location": "Tabor"
            },
            "geometry": {
                "type": "Point",
                "coordinates": [
                    99.0833,
                    14.40976
                ]
            }
        },
        {
            "type": "Feature",
            "properties": {
                "country": "Thailand",
                "location": "Srinagarindra Dam"
            },
            "geometry": {
                "type": "Point",
                "coordinates": [
                    99.12643,
                    14.40688
                ]
            }
        },
        {
            "type": "Feature",
            "properties": {
                "country": "Thailand",
                "location": "Ayutthaya"
            },
            "geometry": {
                "type": "Point",
                "coordinates": [
                    100.5778,
                    14.35528
                ]
            }
        },
        {
            "type": "Feature",
            "properties": {
                "country": "Thailand",
                "location": "Kanchanaburi"
            },
            "geometry": {
                "type": "Point",
                "coordinates": [
                    99.54832,
                    14.00412
                ]
            }
        },
        {
            "type": "Feature",
            "properties": {
                "country": "Thailand",
                "location": "Tha Muang"
            },
            "geometry": {
                "type": "Point",
                "coordinates": [
                    99.63691,
                    13.96827
                ]
            }
        },
        {
            "type": "Feature",
            "properties": {
                "country": "Thailand",
                "location": "Bangkok"
            },
            "geometry": {
                "type": "Point",
                "coordinates": [
                    100.53466,
                    13.7456
                ]
            }
        },
        {
            "type": "Feature",
            "properties": {
                "country": "Thailand",
                "location": "Aranyaprathet"
            },
            "geometry": {
                "type": "Point",
                "coordinates": [
                    102.54533,
                    13.6645
                ]
            }
        },
        {
            "type": "Feature",
            "properties": {
                "country": "Thailand",
                "location": "Pattaya"
            },
            "geometry": {
                "type": "Point",
                "coordinates": [
                    100.8979,
                    12.93439
                ]
            }
        },
        {
            "type": "Feature",
            "properties": {
                "country": "Thailand",
                "location": "Ko Samet"
            },
            "geometry": {
                "type": "Point",
                "coordinates": [
                    101.45428,
                    12.56562
                ]
            }
        },
        {
            "type": "Feature",
            "properties": {
                "country": "Thailand",
                "location": "Pranburi"
            },
            "geometry": {
                "type": "Point",
                "coordinates": [
                    99.99675,
                    12.38553
                ]
            }
        },
        {
            "type": "Feature",
            "properties": {
                "country": "Thailand",
                "location": "Ko Samui"
            },
            "geometry": {
                "type": "Point",
                "coordinates": [
                    100,
                    9.54
                ]
            }
        },
        {
            "type": "Feature",
            "properties": {
                "country": "Thailand",
                "location": "Don Sak"
            },
            "geometry": {
                "type": "Point",
                "coordinates": [
                    99.73698,
                    9.31972
                ]
            }
        },
        {
            "type": "Feature",
            "properties": {
                "country": "Thailand",
                "location": "Phuket"
            },
            "geometry": {
                "type": "Point",
                "coordinates": [
                    98.29881,
                    7.90294
                ]
            }
        },
        {
            "type": "Feature",
            "properties": {
                "country": "Thailand",
                "location": "Ko Phi Phi Don"
            },
            "geometry": {
                "type": "Point",
                "coordinates": [
                    98.76531,
                    7.74068
                ]
            }
        },
        {
            "type": "Feature",
            "properties": {
                "country": "Thailand",
                "location": "Ko Phi Phi Lee"
            },
            "geometry": {
                "type": "Point",
                "coordinates": [
                    98.7684,
                    7.6813
                ]
            }
        },
        {
            "type": "Feature",
            "properties": {
                "country": "Turkey",
                "location": "Edirne"
            },
            "geometry": {
                "type": "Point",
                "coordinates": [
                    26.55544,
                    41.67707
                ]
            }
        },
        {
            "type": "Feature",
            "properties": {
                "country": "Turkey",
                "location": "Türkgözü"
            },
            "geometry": {
                "type": "Point",
                "coordinates": [
                    42.81712,
                    41.58225
                ]
            }
        },
        {
            "type": "Feature",
            "properties": {
                "country": "Turkey",
                "location": "Sarp"
            },
            "geometry": {
                "type": "Point",
                "coordinates": [
                    41.54591,
                    41.51736
                ]
            }
        },
        {
            "type": "Feature",
            "properties": {
                "country": "Turkey",
                "location": "Posof"
            },
            "geometry": {
                "type": "Point",
                "coordinates": [
                    42.72816,
                    41.5099
                ]
            }
        },
        {
            "type": "Feature",
            "properties": {
                "country": "Turkey",
                "location": "Istanbul"
            },
            "geometry": {
                "type": "Point",
                "coordinates": [
                    28.95707,
                    41.00986
                ]
            }
        },
        {
            "type": "Feature",
            "properties": {
                "country": "Turkey",
                "location": "Trabzon"
            },
            "geometry": {
                "type": "Point",
                "coordinates": [
                    39.71998,
                    41.00685
                ]
            }
        },
        {
            "type": "Feature",
            "properties": {
                "country": "Turkey",
                "location": "Büyükada"
            },
            "geometry": {
                "type": "Point",
                "coordinates": [
                    29.12047,
                    40.8586
                ]
            }
        },
        {
            "type": "Feature",
            "properties": {
                "country": "Turkey",
                "location": "Kars"
            },
            "geometry": {
                "type": "Point",
                "coordinates": [
                    43.09965,
                    40.61265
                ]
            }
        },
        {
            "type": "Feature",
            "properties": {
                "country": "Turkey",
                "location": "Horasan"
            },
            "geometry": {
                "type": "Point",
                "coordinates": [
                    42.16901,
                    40.03991
                ]
            }
        },
        {
            "type": "Feature",
            "properties": {
                "country": "Turkey",
                "location": "Ankara"
            },
            "geometry": {
                "type": "Point",
                "coordinates": [
                    32.8675,
                    39.92664
                ]
            }
        },
        {
            "type": "Feature",
            "properties": {
                "country": "Turkey",
                "location": "Kayseri"
            },
            "geometry": {
                "type": "Point",
                "coordinates": [
                    35.48528,
                    38.73222
                ]
            }
        },
        {
            "type": "Feature",
            "properties": {
                "country": "Turkey",
                "location": "Avanos"
            },
            "geometry": {
                "type": "Point",
                "coordinates": [
                    34.84667,
                    38.715
                ]
            }
        },
        {
            "type": "Feature",
            "properties": {
                "country": "Turkey",
                "location": "Goreme"
            },
            "geometry": {
                "type": "Point",
                "coordinates": [
                    34.8304,
                    38.64464
                ]
            }
        },
        {
            "type": "Feature",
            "properties": {
                "country": "Turkey",
                "location": "Uchisar"
            },
            "geometry": {
                "type": "Point",
                "coordinates": [
                    34.80125,
                    38.62854
                ]
            }
        },
        {
            "type": "Feature",
            "properties": {
                "country": "Turkey",
                "location": "Van"
            },
            "geometry": {
                "type": "Point",
                "coordinates": [
                    43.37539,
                    38.5082
                ]
            }
        },
        {
            "type": "Feature",
            "properties": {
                "country": "Turkey",
                "location": "Akdamar Island"
            },
            "geometry": {
                "type": "Point",
                "coordinates": [
                    43.03602,
                    38.34135
                ]
            }
        },
        {
            "type": "Feature",
            "properties": {
                "country": "Turkey",
                "location": "Nemrut Dağı"
            },
            "geometry": {
                "type": "Point",
                "coordinates": [
                    38.74006,
                    37.98078
                ]
            }
        },
        {
            "type": "Feature",
            "properties": {
                "country": "Turkey",
                "location": "Diyarbakir"
            },
            "geometry": {
                "type": "Point",
                "coordinates": [
                    40.2107,
                    37.92447
                ]
            }
        },
        {
            "type": "Feature",
            "properties": {
                "country": "Turkey",
                "location": "Kahta"
            },
            "geometry": {
                "type": "Point",
                "coordinates": [
                    38.62378,
                    37.78081
                ]
            }
        },
        {
            "type": "Feature",
            "properties": {
                "country": "Turkey",
                "location": "Mardin"
            },
            "geometry": {
                "type": "Point",
                "coordinates": [
                    40.71725,
                    37.32572
                ]
            }
        },
        {
            "type": "Feature",
            "properties": {
                "country": "UK",
                "location": "Threlkeld"
            },
            "geometry": {
                "type": "Point",
                "coordinates": [
                    -3.05149,
                    54.61905
                ]
            }
        },
        {
            "type": "Feature",
            "properties": {
                "country": "UK",
                "location": "Castlerigg"
            },
            "geometry": {
                "type": "Point",
                "coordinates": [
                    -3.098,
                    54.60369
                ]
            }
        },
        {
            "type": "Feature",
            "properties": {
                "country": "UK",
                "location": "Surprise View"
            },
            "geometry": {
                "type": "Point",
                "coordinates": [
                    -3.13313,
                    54.56089
                ]
            }
        },
        {
            "type": "Feature",
            "properties": {
                "country": "UK",
                "location": "Sticks Pass"
            },
            "geometry": {
                "type": "Point",
                "coordinates": [
                    -3.01833,
                    54.55467
                ]
            }
        },
        {
            "type": "Feature",
            "properties": {
                "country": "UK",
                "location": "Glenridding"
            },
            "geometry": {
                "type": "Point",
                "coordinates": [
                    -2.94939,
                    54.5443
                ]
            }
        },
        {
            "type": "Feature",
            "properties": {
                "country": "UK",
                "location": "Watendlath"
            },
            "geometry": {
                "type": "Point",
                "coordinates": [
                    -3.1206,
                    54.53696
                ]
            }
        },
        {
            "type": "Feature",
            "properties": {
                "country": "UK",
                "location": "Red Tarn"
            },
            "geometry": {
                "type": "Point",
                "coordinates": [
                    -3.00546,
                    54.52906
                ]
            }
        },
        {
            "type": "Feature",
            "properties": {
                "country": "UK",
                "location": "Helvellyn"
            },
            "geometry": {
                "type": "Point",
                "coordinates": [
                    -3.01751,
                    54.52681
                ]
            }
        },
        {
            "type": "Feature",
            "properties": {
                "country": "UK",
                "location": "Striding Edge"
            },
            "geometry": {
                "type": "Point",
                "coordinates": [
                    -3.00168,
                    54.52647
                ]
            }
        },
        {
            "type": "Feature",
            "properties": {
                "country": "UK",
                "location": "Great Crag"
            },
            "geometry": {
                "type": "Point",
                "coordinates": [
                    -3.12868,
                    54.52257
                ]
            }
        },
        {
            "type": "Feature",
            "properties": {
                "country": "UK",
                "location": "St Sunday Crag"
            },
            "geometry": {
                "type": "Point",
                "coordinates": [
                    -2.97587,
                    54.5121
                ]
            }
        },
        {
            "type": "Feature",
            "properties": {
                "country": "UK",
                "location": "Grisedale Tarn"
            },
            "geometry": {
                "type": "Point",
                "coordinates": [
                    -3.00257,
                    54.50082
                ]
            }
        },
        {
            "type": "Feature",
            "properties": {
                "country": "UK",
                "location": "Pen y Craig Gron"
            },
            "geometry": {
                "type": "Point",
                "coordinates": [
                    -3.87943,
                    53.14503
                ]
            }
        },
        {
            "type": "Feature",
            "properties": {
                "country": "UK",
                "location": "Creigau Gleision"
            },
            "geometry": {
                "type": "Point",
                "coordinates": [
                    -3.90136,
                    53.13584
                ]
            }
        },
        {
            "type": "Feature",
            "properties": {
                "country": "UK",
                "location": "Blaen-Y-Nant"
            },
            "geometry": {
                "type": "Point",
                "coordinates": [
                    -3.88632,
                    53.12455
                ]
            }
        },
        {
            "type": "Feature",
            "properties": {
                "country": "UK",
                "location": "Ogwen"
            },
            "geometry": {
                "type": "Point",
                "coordinates": [
                    -4.01963,
                    53.1234
                ]
            }
        },
        {
            "type": "Feature",
            "properties": {
                "country": "UK",
                "location": "Crimpiau"
            },
            "geometry": {
                "type": "Point",
                "coordinates": [
                    -3.89452,
                    53.11824
                ]
            }
        },
        {
            "type": "Feature",
            "properties": {
                "country": "UK",
                "location": "Twll Du"
            },
            "geometry": {
                "type": "Point",
                "coordinates": [
                    -4.03408,
                    53.10896
                ]
            }
        },
        {
            "type": "Feature",
            "properties": {
                "country": "UK",
                "location": "Afon Las"
            },
            "geometry": {
                "type": "Point",
                "coordinates": [
                    -4.04446,
                    53.1053
                ]
            }
        },
        {
            "type": "Feature",
            "properties": {
                "country": "UK",
                "location": "Ely"
            },
            "geometry": {
                "type": "Point",
                "coordinates": [
                    0.26247,
                    52.39916
                ]
            }
        },
        {
            "type": "Feature",
            "properties": {
                "country": "UK",
                "location": "St Ives"
            },
            "geometry": {
                "type": "Point",
                "coordinates": [
                    -0.07282,
                    52.32314
                ]
            }
        },
        {
            "type": "Feature",
            "properties": {
                "country": "UK",
                "location": "St Neots"
            },
            "geometry": {
                "type": "Point",
                "coordinates": [
                    -0.2508,
                    52.22804
                ]
            }
        },
        {
            "type": "Feature",
            "properties": {
                "country": "UK",
                "location": "Cambourne"
            },
            "geometry": {
                "type": "Point",
                "coordinates": [
                    -0.08091,
                    52.22029
                ]
            }
        },
        {
            "type": "Feature",
            "properties": {
                "country": "UK",
                "location": "Cambridge"
            },
            "geometry": {
                "type": "Point",
                "coordinates": [
                    0.12041,
                    52.20649
                ]
            }
        },
        {
            "type": "Feature",
            "properties": {
                "country": "UK",
                "location": "Bedford"
            },
            "geometry": {
                "type": "Point",
                "coordinates": [
                    -0.4745,
                    52.13613
                ]
            }
        },
        {
            "type": "Feature",
            "properties": {
                "country": "UK",
                "location": "Oxford"
            },
            "geometry": {
                "type": "Point",
                "coordinates": [
                    -1.25738,
                    51.75203
                ]
            }
        },
        {
            "type": "Feature",
            "properties": {
                "country": "UK",
                "location": "London"
            },
            "geometry": {
                "type": "Point",
                "coordinates": [
                    -0.09665,
                    51.51924
                ]
            }
        },
        {
            "type": "Feature",
            "properties": {
                "country": "UK",
                "location": "Gibraltar"
            },
            "geometry": {
                "type": "Point",
                "coordinates": [
                    -5.35291,
                    36.14478
                ]
            }
        },
        {
            "type": "Feature",
            "properties": {
                "country": "United Arab Emirates",
                "location": "Dubai"
            },
            "geometry": {
                "type": "Point",
                "coordinates": [
                    55.29878,
                    25.26946
                ]
            }
        },
        {
            "type": "Feature",
            "properties": {
                "country": "USA",
                "location": "Bellingham"
            },
            "geometry": {
                "type": "Point",
                "coordinates": [
                    -122.47122,
                    48.75235
                ]
            }
        },
        {
            "type": "Feature",
            "properties": {
                "country": "USA",
                "location": "Seattle"
            },
            "geometry": {
                "type": "Point",
                "coordinates": [
                    -122.33324,
                    47.60724
                ]
            }
        },
        {
            "type": "Feature",
            "properties": {
                "country": "USA",
                "location": "Sentinel Mountain"
            },
            "geometry": {
                "type": "Point",
                "coordinates": [
                    -69.06432,
                    45.87054
                ]
            }
        },
        {
            "type": "Feature",
            "properties": {
                "country": "USA",
                "location": "Portland"
            },
            "geometry": {
                "type": "Point",
                "coordinates": [
                    -122.68002,
                    45.51649
                ]
            }
        },
        {
            "type": "Feature",
            "properties": {
                "country": "USA",
                "location": "Old Town"
            },
            "geometry": {
                "type": "Point",
                "coordinates": [
                    -68.64784,
                    44.93774
                ]
            }
        },
        {
            "type": "Feature",
            "properties": {
                "country": "USA",
                "location": "Orono"
            },
            "geometry": {
                "type": "Point",
                "coordinates": [
                    -68.66897,
                    44.8819
                ]
            }
        },
        {
            "type": "Feature",
            "properties": {
                "country": "USA",
                "location": "Bangor"
            },
            "geometry": {
                "type": "Point",
                "coordinates": [
                    -68.77078,
                    44.80172
                ]
            }
        },
        {
            "type": "Feature",
            "properties": {
                "country": "USA",
                "location": "Bar Harbor"
            },
            "geometry": {
                "type": "Point",
                "coordinates": [
                    -68.223,
                    44.354
                ]
            }
        },
        {
            "type": "Feature",
            "properties": {
                "country": "USA",
                "location": "East Poland"
            },
            "geometry": {
                "type": "Point",
                "coordinates": [
                    -70.32768,
                    44.07239
                ]
            }
        },
        {
            "type": "Feature",
            "properties": {
                "country": "USA",
                "location": "North Conway"
            },
            "geometry": {
                "type": "Point",
                "coordinates": [
                    -71.12478,
                    44.04908
                ]
            }
        },
        {
            "type": "Feature",
            "properties": {
                "country": "USA",
                "location": "Damariscotta"
            },
            "geometry": {
                "type": "Point",
                "coordinates": [
                    -69.53093,
                    44.03248
                ]
            }
        },
        {
            "type": "Feature",
            "properties": {
                "country": "USA",
                "location": "Walpole"
            },
            "geometry": {
                "type": "Point",
                "coordinates": [
                    -69.55651,
                    43.9538
                ]
            }
        },
        {
            "type": "Feature",
            "properties": {
                "country": "USA",
                "location": "Portland"
            },
            "geometry": {
                "type": "Point",
                "coordinates": [
                    -70.2534,
                    43.65582
                ]
            }
        },
        {
            "type": "Feature",
            "properties": {
                "country": "USA",
                "location": "Buffalo"
            },
            "geometry": {
                "type": "Point",
                "coordinates": [
                    -78.87546,
                    42.87592
                ]
            }
        },
        {
            "type": "Feature",
            "properties": {
                "country": "USA",
                "location": "Boston"
            },
            "geometry": {
                "type": "Point",
                "coordinates": [
                    -71.05834,
                    42.35728
                ]
            }
        },
        {
            "type": "Feature",
            "properties": {
                "country": "USA",
                "location": "Chicago"
            },
            "geometry": {
                "type": "Point",
                "coordinates": [
                    -87.62568,
                    41.87841
                ]
            }
        },
        {
            "type": "Feature",
            "properties": {
                "country": "USA",
                "location": "Newark"
            },
            "geometry": {
                "type": "Point",
                "coordinates": [
                    -74.16771,
                    40.73504
                ]
            }
        },
        {
            "type": "Feature",
            "properties": {
                "country": "USA",
                "location": "New York City"
            },
            "geometry": {
                "type": "Point",
                "coordinates": [
                    -74.00584,
                    40.71324
                ]
            }
        },
        {
            "type": "Feature",
            "properties": {
                "country": "USA",
                "location": "Lake Husted"
            },
            "geometry": {
                "type": "Point",
                "coordinates": [
                    -105.61586,
                    40.5087
                ]
            }
        },
        {
            "type": "Feature",
            "properties": {
                "country": "USA",
                "location": "Estes Park"
            },
            "geometry": {
                "type": "Point",
                "coordinates": [
                    -105.51933,
                    40.37684
                ]
            }
        },
        {
            "type": "Feature",
            "properties": {
                "country": "USA",
                "location": "Boulder"
            },
            "geometry": {
                "type": "Point",
                "coordinates": [
                    -105.27924,
                    40.01574
                ]
            }
        },
        {
            "type": "Feature",
            "properties": {
                "country": "USA",
                "location": "Denver"
            },
            "geometry": {
                "type": "Point",
                "coordinates": [
                    -104.98731,
                    39.73958
                ]
            }
        },
        {
            "type": "Feature",
            "properties": {
                "country": "USA",
                "location": "Washington DC"
            },
            "geometry": {
                "type": "Point",
                "coordinates": [
                    -77.00948,
                    38.8896
                ]
            }
        },
        {
            "type": "Feature",
            "properties": {
                "country": "USA",
                "location": "Berkeley"
            },
            "geometry": {
                "type": "Point",
                "coordinates": [
                    -122.27054,
                    37.86988
                ]
            }
        },
        {
            "type": "Feature",
            "properties": {
                "country": "USA",
                "location": "San Francisco"
            },
            "geometry": {
                "type": "Point",
                "coordinates": [
                    -122.41579,
                    37.77893
                ]
            }
        },
        {
            "type": "Feature",
            "properties": {
                "country": "USA",
                "location": "Zion National Park"
            },
            "geometry": {
                "type": "Point",
                "coordinates": [
                    -112.94793,
                    37.26938
                ]
            }
        },
        {
            "type": "Feature",
            "properties": {
                "country": "USA",
                "location": "Mount Carmel"
            },
            "geometry": {
                "type": "Point",
                "coordinates": [
                    -112.66588,
                    37.24626
                ]
            }
        },
        {
            "type": "Feature",
            "properties": {
                "country": "USA",
                "location": "Springdale"
            },
            "geometry": {
                "type": "Point",
                "coordinates": [
                    -113.00367,
                    37.18318
                ]
            }
        },
        {
            "type": "Feature",
            "properties": {
                "country": "USA",
                "location": "Grafton"
            },
            "geometry": {
                "type": "Point",
                "coordinates": [
                    -113.08172,
                    37.16748
                ]
            }
        },
        {
            "type": "Feature",
            "properties": {
                "country": "USA",
                "location": "Marble Canyon"
            },
            "geometry": {
                "type": "Point",
                "coordinates": [
                    -111.63714,
                    36.81645
                ]
            }
        },
        {
            "type": "Feature",
            "properties": {
                "country": "USA",
                "location": "Mesquite"
            },
            "geometry": {
                "type": "Point",
                "coordinates": [
                    -114.06722,
                    36.80393
                ]
            }
        },
        {
            "type": "Feature",
            "properties": {
                "country": "USA",
                "location": "Las Vegas"
            },
            "geometry": {
                "type": "Point",
                "coordinates": [
                    -115.17208,
                    36.1143
                ]
            }
        },
        {
            "type": "Feature",
            "properties": {
                "country": "USA",
                "location": "Grand Canyon National Park"
            },
            "geometry": {
                "type": "Point",
                "coordinates": [
                    -112.11431,
                    36.09725
                ]
            }
        },
        {
            "type": "Feature",
            "properties": {
                "country": "USA",
                "location": "Hoover Dam"
            },
            "geometry": {
                "type": "Point",
                "coordinates": [
                    -114.73789,
                    36.01573
                ]
            }
        },
        {
            "type": "Feature",
            "properties": {
                "country": "USA",
                "location": "Cameron"
            },
            "geometry": {
                "type": "Point",
                "coordinates": [
                    -111.41261,
                    35.87341
                ]
            }
        },
        {
            "type": "Feature",
            "properties": {
                "country": "USA",
                "location": "Williams"
            },
            "geometry": {
                "type": "Point",
                "coordinates": [
                    -112.19075,
                    35.25
                ]
            }
        },
        {
            "type": "Feature",
            "properties": {
                "country": "USA",
                "location": "Barstow"
            },
            "geometry": {
                "type": "Point",
                "coordinates": [
                    -117.02583,
                    34.89296
                ]
            }
        },
        {
            "type": "Feature",
            "properties": {
                "country": "USA",
                "location": "Los Angeles"
            },
            "geometry": {
                "type": "Point",
                "coordinates": [
                    -118.23284,
                    34.05106
                ]
            }
        },
        {
            "type": "Feature",
            "properties": {
                "country": "USA",
                "location": "New Orleans"
            },
            "geometry": {
                "type": "Point",
                "coordinates": [
                    -90.0699,
                    29.95387
                ]
            }
        },
        {
            "type": "Feature",
            "properties": {
                "country": "USA",
                "location": "Orlando"
            },
            "geometry": {
                "type": "Point",
                "coordinates": [
                    -81.3973,
                    28.53182
                ]
            }
        },
        {
            "type": "Feature",
            "properties": {
                "country": "USA",
                "location": "Fort Lauderdale"
            },
            "geometry": {
                "type": "Point",
                "coordinates": [
                    -80.12983,
                    26.12583
                ]
            }
        },
        {
            "type": "Feature",
            "properties": {
                "country": "USA",
                "location": "Miami"
            },
            "geometry": {
                "type": "Point",
                "coordinates": [
                    -80.19044,
                    25.78128
                ]
            }
        },
        {
            "type": "Feature",
            "properties": {
                "country": "Vatican City",
                "location": "Vatican City"
            },
            "geometry": {
                "type": "Point",
                "coordinates": [
                    12.45442,
                    41.90236
                ]
            }
        },
        {
            "type": "Feature",
            "properties": {
                "country": "Vietnam",
                "location": "Sapa"
            },
            "geometry": {
                "type": "Point",
                "coordinates": [
                    103.84032,
                    22.34119
                ]
            }
        },
        {
            "type": "Feature",
            "properties": {
                "country": "Vietnam",
                "location": "Dien Bien Phu"
            },
            "geometry": {
                "type": "Point",
                "coordinates": [
                    103.03542,
                    21.40929
                ]
            }
        },
        {
            "type": "Feature",
            "properties": {
                "country": "Vietnam",
                "location": "border"
            },
            "geometry": {
                "type": "Point",
                "coordinates": [
                    102.90808,
                    21.21767
                ]
            }
        },
        {
            "type": "Feature",
            "properties": {
                "country": "Vietnam",
                "location": "Hanoi"
            },
            "geometry": {
                "type": "Point",
                "coordinates": [
                    105.84962,
                    21.03333
                ]
            }
        },
        {
            "type": "Feature",
            "properties": {
                "country": "Vietnam",
                "location": "Ninh Binh"
            },
            "geometry": {
                "type": "Point",
                "coordinates": [
                    105.97461,
                    20.2505
                ]
            }
        },
        {
            "type": "Feature",
            "properties": {
                "country": "Vietnam",
                "location": "Hang Mua"
            },
            "geometry": {
                "type": "Point",
                "coordinates": [
                    105.93367,
                    20.22954
                ]
            }
        },
        {
            "type": "Feature",
            "properties": {
                "country": "Vietnam",
                "location": "Hue"
            },
            "geometry": {
                "type": "Point",
                "coordinates": [
                    107.57917,
                    16.46724
                ]
            }
        },
        {
            "type": "Feature",
            "properties": {
                "country": "Vietnam",
                "location": "Hoi An"
            },
            "geometry": {
                "type": "Point",
                "coordinates": [
                    108.335,
                    15.87944
                ]
            }
        },
        {
            "type": "Feature",
            "properties": {
                "country": "Vietnam",
                "location": "My Son"
            },
            "geometry": {
                "type": "Point",
                "coordinates": [
                    108.1243,
                    15.7632
                ]
            }
        },
        {
            "type": "Feature",
            "properties": {
                "country": "Vietnam",
                "location": "Nha Trang"
            },
            "geometry": {
                "type": "Point",
                "coordinates": [
                    109.19042,
                    12.24797
                ]
            }
        },
        {
            "type": "Feature",
            "properties": {
                "country": "Vietnam",
                "location": "Yang Bay Waterfall"
            },
            "geometry": {
                "type": "Point",
                "coordinates": [
                    108.91134,
                    12.18982
                ]
            }
        },
        {
            "type": "Feature",
            "properties": {
                "country": "Vietnam",
                "location": "Ho Chi Minh City"
            },
            "geometry": {
                "type": "Point",
                "coordinates": [
                    106.69876,
                    10.77701
                ]
            }
        }
    ]
}